sigmoid_colon_Peak_23845	817296
sigmoid_colon_Peak_54490	817296
sigmoid_colon_Peak_67130	817296
sigmoid_colon_Peak_22173	904265
sigmoid_colon_Peak_39088	904265
sigmoid_colon_Peak_21162	923679
sigmoid_colon_Peak_20098	1122088
sigmoid_colon_Peak_233916	1157380
sigmoid_colon_Peak_24251	1157380
sigmoid_colon_Peak_62286	1157380
sigmoid_colon_Peak_8947	1157380
sigmoid_colon_Peak_223436	1208073
sigmoid_colon_Peak_39962	1208073
sigmoid_colon_Peak_37551	1362059
sigmoid_colon_Peak_28508	1430253
sigmoid_colon_Peak_33336	1430253
sigmoid_colon_Peak_40715	1430253
sigmoid_colon_Peak_59235	1433282
sigmoid_colon_Peak_22309	1434331
sigmoid_colon_Peak_58833	1504688
sigmoid_colon_Peak_78587	1504688
sigmoid_colon_Peak_153154	1505348
sigmoid_colon_Peak_33133	1505348
sigmoid_colon_Peak_101843	1630991
sigmoid_colon_Peak_33652	1630991
sigmoid_colon_Peak_100741	1782115
sigmoid_colon_Peak_78655	1782115
sigmoid_colon_Peak_94809	1782115
sigmoid_colon_Peak_10207	1908433
sigmoid_colon_Peak_207703	1908433
sigmoid_colon_Peak_31010	1908433
sigmoid_colon_Peak_7738	1908433
sigmoid_colon_Peak_11612	2213949
sigmoid_colon_Peak_75415	2213949
sigmoid_colon_Peak_28978	2311523
sigmoid_colon_Peak_75451	2314373
sigmoid_colon_Peak_250432	2314905
sigmoid_colon_Peak_54121	2314905
sigmoid_colon_Peak_25612	2545942
sigmoid_colon_Peak_40005	2545942
sigmoid_colon_Peak_53716	2546877
sigmoid_colon_Peak_47826	2548098
sigmoid_colon_Peak_34332	2548702
sigmoid_colon_Peak_35300	2585308
sigmoid_colon_Peak_36517	2585308
sigmoid_colon_Peak_12580	3747073
sigmoid_colon_Peak_32117	4970222
sigmoid_colon_Peak_46374	4970222
sigmoid_colon_Peak_76073	4970222
sigmoid_colon_Peak_21456	6743205
sigmoid_colon_Peak_229246	6743205
sigmoid_colon_Peak_68410	6743205
sigmoid_colon_Peak_65483	8047234
sigmoid_colon_Peak_36338	8061262
sigmoid_colon_Peak_102260	8063673
sigmoid_colon_Peak_58653	8063673
sigmoid_colon_Peak_51752	8077095
sigmoid_colon_Peak_90534	8078170
sigmoid_colon_Peak_39862	8083116
sigmoid_colon_Peak_81082	8117002
sigmoid_colon_Peak_5979	8121085
sigmoid_colon_Peak_75448	8121085
sigmoid_colon_Peak_47074	8133230
sigmoid_colon_Peak_26277	8133665
sigmoid_colon_Peak_9687	8133665
sigmoid_colon_Peak_11975	8169466
sigmoid_colon_Peak_147137	8169466
sigmoid_colon_Peak_74754	8169466
sigmoid_colon_Peak_98776	8169466
sigmoid_colon_Peak_43134	8174398
sigmoid_colon_Peak_35807	8189923
sigmoid_colon_Peak_46512	8197796
sigmoid_colon_Peak_9679	8202137
sigmoid_colon_Peak_9963	8202137
sigmoid_colon_Peak_102209	8204507
sigmoid_colon_Peak_42307	8217010
sigmoid_colon_Peak_63932	8217010
sigmoid_colon_Peak_68348	8239031
sigmoid_colon_Peak_62058	8239647
sigmoid_colon_Peak_5768	8848669
sigmoid_colon_Peak_61552	8889466
sigmoid_colon_Peak_10970	8890002
sigmoid_colon_Peak_47055	8890002
sigmoid_colon_Peak_13685	8986159
sigmoid_colon_Peak_152929	9149889
sigmoid_colon_Peak_232592	9181336
sigmoid_colon_Peak_72043	9181336
sigmoid_colon_Peak_175139	9181939
sigmoid_colon_Peak_201044	9181939
sigmoid_colon_Peak_27858	9371380
sigmoid_colon_Peak_32932	9371380
sigmoid_colon_Peak_65058	9375941
sigmoid_colon_Peak_10571	9376473
sigmoid_colon_Peak_84482	9376473
sigmoid_colon_Peak_91989	9376473
sigmoid_colon_Peak_110940	9384446
sigmoid_colon_Peak_19761	9384730
sigmoid_colon_Peak_72145	9388862
sigmoid_colon_Peak_27737	9412740
sigmoid_colon_Peak_99910	9412740
sigmoid_colon_Peak_151966	9413583
sigmoid_colon_Peak_174914	9413583
sigmoid_colon_Peak_52488	9413583
sigmoid_colon_Peak_3604	9428570
sigmoid_colon_Peak_94796	9438580
sigmoid_colon_Peak_143744	9441579
sigmoid_colon_Peak_86099	9441579
sigmoid_colon_Peak_47179	9467084
sigmoid_colon_Peak_150271	9825439
sigmoid_colon_Peak_25304	9825439
sigmoid_colon_Peak_17596	9835837
sigmoid_colon_Peak_28817	9835837
sigmoid_colon_Peak_62490	10387870
sigmoid_colon_Peak_79411	10635481
sigmoid_colon_Peak_84479	10635481
sigmoid_colon_Peak_40788	10636008
sigmoid_colon_Peak_27481	10866890
sigmoid_colon_Peak_78705	10866890
sigmoid_colon_Peak_12942	11731656
sigmoid_colon_Peak_66325	11731656
sigmoid_colon_Peak_63915	11880842
sigmoid_colon_Peak_67322	11880842
sigmoid_colon_Peak_22027	11918789
sigmoid_colon_Peak_43657	12161732
sigmoid_colon_Peak_16142	12518778
sigmoid_colon_Peak_74595	12518778
sigmoid_colon_Peak_78903	12518778
sigmoid_colon_Peak_16044	12539832
sigmoid_colon_Peak_18934	12539832
sigmoid_colon_Peak_90912	12541553
sigmoid_colon_Peak_43456	12548777
sigmoid_colon_Peak_48463	12548777
sigmoid_colon_Peak_61720	12548777
sigmoid_colon_Peak_64392	12556273
sigmoid_colon_Peak_8479	12556273
sigmoid_colon_Peak_43494	12619045
sigmoid_colon_Peak_27113	12619868
sigmoid_colon_Peak_12907	13540804
sigmoid_colon_Peak_67643	13543983
sigmoid_colon_Peak_23208	14304333
sigmoid_colon_Peak_38914	14304333
sigmoid_colon_Peak_85703	14486959
sigmoid_colon_Peak_71541	14517119
sigmoid_colon_Peak_21436	15243191
sigmoid_colon_Peak_25004	15603115
sigmoid_colon_Peak_7472	15603115
sigmoid_colon_Peak_79002	15603115
sigmoid_colon_Peak_92956	15683114
sigmoid_colon_Peak_46503	15799114
sigmoid_colon_Peak_40011	15799492
sigmoid_colon_Peak_175451	15800243
sigmoid_colon_Peak_43852	15800243
sigmoid_colon_Peak_53350	16012786
sigmoid_colon_Peak_29064	16013269
sigmoid_colon_Peak_18019	16175626
sigmoid_colon_Peak_263756	16175626
sigmoid_colon_Peak_49888	16175626
sigmoid_colon_Peak_66452	16181541
sigmoid_colon_Peak_6920	16181541
sigmoid_colon_Peak_71343	16181541
sigmoid_colon_Peak_3477	16217030
sigmoid_colon_Peak_39071	16217030
sigmoid_colon_Peak_127499	16244252
sigmoid_colon_Peak_44950	16244252
sigmoid_colon_Peak_131540	16498498
sigmoid_colon_Peak_55412	16498498
sigmoid_colon_Peak_70875	16498498
sigmoid_colon_Peak_9248	16498498
sigmoid_colon_Peak_22783	16644275
sigmoid_colon_Peak_56978	16644275
sigmoid_colon_Peak_8619	16644275
sigmoid_colon_Peak_30187	16725249
sigmoid_colon_Peak_47131	16725249
sigmoid_colon_Peak_16070	17502373
sigmoid_colon_Peak_92145	17502373
sigmoid_colon_Peak_5586	17531602
sigmoid_colon_Peak_207835	18962188
sigmoid_colon_Peak_36462	18962188
sigmoid_colon_Peak_18056	19010770
sigmoid_colon_Peak_65443	19504960
sigmoid_colon_Peak_76552	19504960
sigmoid_colon_Peak_63709	19529595
sigmoid_colon_Peak_44023	19532516
sigmoid_colon_Peak_104502	19563484
sigmoid_colon_Peak_52819	19563484
sigmoid_colon_Peak_17121	20110668
sigmoid_colon_Peak_21583	20151955
sigmoid_colon_Peak_226818	20151955
sigmoid_colon_Peak_207578	20178450
sigmoid_colon_Peak_21579	20178450
sigmoid_colon_Peak_12743	20183746
sigmoid_colon_Peak_152655	20183746
sigmoid_colon_Peak_147664	20477814
sigmoid_colon_Peak_25061	21673257
sigmoid_colon_Peak_40337	21942984
sigmoid_colon_Peak_102182	21944344
sigmoid_colon_Peak_55731	21956784
sigmoid_colon_Peak_10902	22024912
sigmoid_colon_Peak_35441	22024912
sigmoid_colon_Peak_58576	22024912
sigmoid_colon_Peak_6249	22024912
sigmoid_colon_Peak_25700	22031426
sigmoid_colon_Peak_178050	22108261
sigmoid_colon_Peak_48495	22108261
sigmoid_colon_Peak_99160	22108261
sigmoid_colon_Peak_23273	22969314
sigmoid_colon_Peak_129768	23376920
sigmoid_colon_Peak_25465	23376920
sigmoid_colon_Peak_42271	23376920
sigmoid_colon_Peak_14252	23531267
sigmoid_colon_Peak_56633	23554476
sigmoid_colon_Peak_9362	23554476
sigmoid_colon_Peak_23429	23562089
sigmoid_colon_Peak_2998	23562089
sigmoid_colon_Peak_207296	23567837
sigmoid_colon_Peak_61606	23567837
sigmoid_colon_Peak_76403	23568818
sigmoid_colon_Peak_22746	23577373
sigmoid_colon_Peak_23405	23919837
sigmoid_colon_Peak_66104	23919837
sigmoid_colon_Peak_17384	24018637
sigmoid_colon_Peak_56215	24020139
sigmoid_colon_Peak_35177	24045790
sigmoid_colon_Peak_91387	24045790
sigmoid_colon_Peak_98985	24045790
sigmoid_colon_Peak_19345	24289982
sigmoid_colon_Peak_13401	24294367
sigmoid_colon_Peak_26356	24294367
sigmoid_colon_Peak_34707	24294367
sigmoid_colon_Peak_21919	24705296
sigmoid_colon_Peak_154010	24735891
sigmoid_colon_Peak_52829	24735891
sigmoid_colon_Peak_60444	25022484
sigmoid_colon_Peak_49990	25022831
sigmoid_colon_Peak_20889	25233120
sigmoid_colon_Peak_14498	25239614
sigmoid_colon_Peak_7957	25239614
sigmoid_colon_Peak_17547	25616032
sigmoid_colon_Peak_47483	25616032
sigmoid_colon_Peak_6778	25616032
sigmoid_colon_Peak_10177	25874967
sigmoid_colon_Peak_144846	25874967
sigmoid_colon_Peak_43769	25874967
sigmoid_colon_Peak_57712	25874967
sigmoid_colon_Peak_10353	26500059
sigmoid_colon_Peak_13883	26500059
sigmoid_colon_Peak_175786	26500059
sigmoid_colon_Peak_24670	26500059
sigmoid_colon_Peak_24731	26677434
sigmoid_colon_Peak_11494	26692884
sigmoid_colon_Peak_59054	26786928
sigmoid_colon_Peak_17103	26799361
sigmoid_colon_Peak_42980	26799361
sigmoid_colon_Peak_16366	27031481
sigmoid_colon_Peak_111971	27402402
sigmoid_colon_Peak_147422	27402402
sigmoid_colon_Peak_51399	27402402
sigmoid_colon_Peak_56347	27402402
sigmoid_colon_Peak_67661	27402402
sigmoid_colon_Peak_252945	27503929
sigmoid_colon_Peak_254049	27503929
sigmoid_colon_Peak_22007	27504428
sigmoid_colon_Peak_29455	27504428
sigmoid_colon_Peak_37576	27504428
sigmoid_colon_Peak_48597	27521537
sigmoid_colon_Peak_17393	27525521
sigmoid_colon_Peak_20831	27528050
sigmoid_colon_Peak_23662	27528050
sigmoid_colon_Peak_45237	27528050
sigmoid_colon_Peak_60365	27528050
sigmoid_colon_Peak_44394	27659670
sigmoid_colon_Peak_9904	27659670
sigmoid_colon_Peak_41187	27663183
sigmoid_colon_Peak_1512	28247123
sigmoid_colon_Peak_52713	28648034
sigmoid_colon_Peak_60765	28648034
sigmoid_colon_Peak_7476	28648034
sigmoid_colon_Peak_9215	28648034
sigmoid_colon_Peak_35803	28775131
sigmoid_colon_Peak_29245	28882125
sigmoid_colon_Peak_10899	28884988
sigmoid_colon_Peak_14146	29124259
sigmoid_colon_Peak_18380	29124259
sigmoid_colon_Peak_41091	29124259
sigmoid_colon_Peak_36361	29133659
sigmoid_colon_Peak_124004	30637079
sigmoid_colon_Peak_58532	30637079
sigmoid_colon_Peak_49991	30637591
sigmoid_colon_Peak_41637	30670284
sigmoid_colon_Peak_84677	30693950
sigmoid_colon_Peak_28698	30695438
sigmoid_colon_Peak_67416	30697802
sigmoid_colon_Peak_26171	30700969
sigmoid_colon_Peak_13523	30704311
sigmoid_colon_Peak_43895	30705132
sigmoid_colon_Peak_50211	30706637
sigmoid_colon_Peak_201924	30763313
sigmoid_colon_Peak_24086	30763313
sigmoid_colon_Peak_39770	30801793
sigmoid_colon_Peak_46141	30801793
sigmoid_colon_Peak_101208	30809474
sigmoid_colon_Peak_126413	30809474
sigmoid_colon_Peak_34363	30809474
sigmoid_colon_Peak_40388	30816168
sigmoid_colon_Peak_40829	30816168
sigmoid_colon_Peak_26269	30818583
sigmoid_colon_Peak_64610	30818583
sigmoid_colon_Peak_4129	30823926
sigmoid_colon_Peak_802	30823926
sigmoid_colon_Peak_38713	30847524
sigmoid_colon_Peak_39308	30852074
sigmoid_colon_Peak_78321	30856215
sigmoid_colon_Peak_42632	30911370
sigmoid_colon_Peak_21614	31154681
sigmoid_colon_Peak_23582	31154681
sigmoid_colon_Peak_154049	31564046
sigmoid_colon_Peak_47171	31564046
sigmoid_colon_Peak_76588	31564046
sigmoid_colon_Peak_87628	31564046
sigmoid_colon_Peak_45268	31573934
sigmoid_colon_Peak_36422	31587811
sigmoid_colon_Peak_53831	31587811
sigmoid_colon_Peak_100427	31588649
sigmoid_colon_Peak_150716	31588649
sigmoid_colon_Peak_195367	31588649
sigmoid_colon_Peak_176128	31704523
sigmoid_colon_Peak_64380	31704523
sigmoid_colon_Peak_24177	31705213
sigmoid_colon_Peak_1142	31714513
sigmoid_colon_Peak_13527	31714513
sigmoid_colon_Peak_59083	31714513
sigmoid_colon_Peak_9991	31714513
sigmoid_colon_Peak_17514	31954688
sigmoid_colon_Peak_70019	31954688
sigmoid_colon_Peak_46232	31955981
sigmoid_colon_Peak_35021	32063360
sigmoid_colon_Peak_146163	32239960
sigmoid_colon_Peak_26659	32240228
sigmoid_colon_Peak_33986	32240228
sigmoid_colon_Peak_53162	32241032
sigmoid_colon_Peak_63323	32241032
sigmoid_colon_Peak_36766	32972775
sigmoid_colon_Peak_68788	32972775
sigmoid_colon_Peak_43080	32989262
sigmoid_colon_Peak_128548	33126988
sigmoid_colon_Peak_3639	33126988
sigmoid_colon_Peak_66470	33143226
sigmoid_colon_Peak_48948	33229185
sigmoid_colon_Peak_34512	33300749
sigmoid_colon_Peak_58741	33433811
sigmoid_colon_Peak_109988	33443428
sigmoid_colon_Peak_30175	33443428
sigmoid_colon_Peak_20165	33455880
sigmoid_colon_Peak_28965	33455880
sigmoid_colon_Peak_37705	33460991
sigmoid_colon_Peak_15290	33470524
sigmoid_colon_Peak_65467	35121002
sigmoid_colon_Peak_76593	35222705
sigmoid_colon_Peak_87638	35222705
sigmoid_colon_Peak_93108	35264901
sigmoid_colon_Peak_16684	36183308
sigmoid_colon_Peak_252004	36183308
sigmoid_colon_Peak_148341	36187806
sigmoid_colon_Peak_33243	36187806
sigmoid_colon_Peak_9525	36187806
sigmoid_colon_Peak_179633	36200302
sigmoid_colon_Peak_2170	36386455
sigmoid_colon_Peak_102399	36387058
sigmoid_colon_Peak_145208	37034405
sigmoid_colon_Peak_28207	37454762
sigmoid_colon_Peak_29044	37454762
sigmoid_colon_Peak_16143	37471737
sigmoid_colon_Peak_109135	37487194
sigmoid_colon_Peak_38171	37487194
sigmoid_colon_Peak_81592	37676459
sigmoid_colon_Peak_40132	39076448
sigmoid_colon_Peak_124920	39952527
sigmoid_colon_Peak_78420	39952527
sigmoid_colon_Peak_114300	40782374
sigmoid_colon_Peak_194064	40782374
sigmoid_colon_Peak_206361	40782374
sigmoid_colon_Peak_265111	40782374
sigmoid_colon_Peak_24379	40783389
sigmoid_colon_Peak_34625	40845208
sigmoid_colon_Peak_99183	40867585
sigmoid_colon_Peak_30058	40877684
sigmoid_colon_Peak_34978	40944358
sigmoid_colon_Peak_21868	40944908
sigmoid_colon_Peak_9623	40944908
sigmoid_colon_Peak_61054	40967530
sigmoid_colon_Peak_48779	41314075
sigmoid_colon_Peak_38753	41319897
sigmoid_colon_Peak_25744	41387763
sigmoid_colon_Peak_17437	41432440
sigmoid_colon_Peak_40786	41432440
sigmoid_colon_Peak_42360	41432440
sigmoid_colon_Peak_6516	41455697
sigmoid_colon_Peak_19405	41474434
sigmoid_colon_Peak_7970	41474434
sigmoid_colon_Peak_70667	41495706
sigmoid_colon_Peak_7006	41496028
sigmoid_colon_Peak_75446	41496842
sigmoid_colon_Peak_46193	41500525
sigmoid_colon_Peak_44026	42172598
sigmoid_colon_Peak_61745	42172598
sigmoid_colon_Peak_64163	42172598
sigmoid_colon_Peak_24968	42962709
sigmoid_colon_Peak_47173	42973335
sigmoid_colon_Peak_115129	43295432
sigmoid_colon_Peak_174842	43295432
sigmoid_colon_Peak_43458	44036599
sigmoid_colon_Peak_29729	44047737
sigmoid_colon_Peak_77865	44047737
sigmoid_colon_Peak_31540	44059708
sigmoid_colon_Peak_35929	44059708
sigmoid_colon_Peak_12429	44730546
sigmoid_colon_Peak_14075	44730546
sigmoid_colon_Peak_15569	44730546
sigmoid_colon_Peak_173101	44730546
sigmoid_colon_Peak_14173	44807240
sigmoid_colon_Peak_9888	44807240
sigmoid_colon_Peak_30136	46037049
sigmoid_colon_Peak_131547	46466404
sigmoid_colon_Peak_141992	46466404
sigmoid_colon_Peak_71900	46466404
sigmoid_colon_Peak_21378	47751877
sigmoid_colon_Peak_254148	47997306
sigmoid_colon_Peak_39366	47997306
sigmoid_colon_Peak_27309	48494083
sigmoid_colon_Peak_11154	52702940
sigmoid_colon_Peak_19559	52702940
sigmoid_colon_Peak_52136	52710339
sigmoid_colon_Peak_127159	53145885
sigmoid_colon_Peak_43973	53145885
sigmoid_colon_Peak_200593	53176576
sigmoid_colon_Peak_28972	53176576
sigmoid_colon_Peak_46164	53176576
sigmoid_colon_Peak_39332	53982103
sigmoid_colon_Peak_50198	53982103
sigmoid_colon_Peak_112275	54474712
sigmoid_colon_Peak_165630	54474712
sigmoid_colon_Peak_208415	54474712
sigmoid_colon_Peak_225939	54474712
sigmoid_colon_Peak_39851	54474712
sigmoid_colon_Peak_49977	54474712
sigmoid_colon_Peak_53988	54474712
sigmoid_colon_Peak_6549	54487979
sigmoid_colon_Peak_195659	54489200
sigmoid_colon_Peak_49703	54489200
sigmoid_colon_Peak_32795	54499121
sigmoid_colon_Peak_76054	54499121
sigmoid_colon_Peak_36117	54772097
sigmoid_colon_Peak_70791	54776157
sigmoid_colon_Peak_39677	54777462
sigmoid_colon_Peak_65475	54973238
sigmoid_colon_Peak_148461	55277116
sigmoid_colon_Peak_54540	55277116
sigmoid_colon_Peak_13534	55443283
sigmoid_colon_Peak_68259	55443283
sigmoid_colon_Peak_32200	55512557
sigmoid_colon_Peak_57127	55519964
sigmoid_colon_Peak_27342	55522374
sigmoid_colon_Peak_39132	55522374
sigmoid_colon_Peak_66650	55536613
sigmoid_colon_Peak_43032	55575610
sigmoid_colon_Peak_63605	55575610
sigmoid_colon_Peak_23526	55580807
sigmoid_colon_Peak_24844	55580807
sigmoid_colon_Peak_59729	55669320
sigmoid_colon_Peak_95088	55670438
sigmoid_colon_Peak_110361	55718757
sigmoid_colon_Peak_22740	55718757
sigmoid_colon_Peak_28623	55781917
sigmoid_colon_Peak_33028	55781917
sigmoid_colon_Peak_34063	55813660
sigmoid_colon_Peak_48952	55943795
sigmoid_colon_Peak_44043	56056545
sigmoid_colon_Peak_50037	56056545
sigmoid_colon_Peak_165431	56073991
sigmoid_colon_Peak_52834	56073991
sigmoid_colon_Peak_24054	56146464
sigmoid_colon_Peak_146821	56376368
sigmoid_colon_Peak_26698	56376368
sigmoid_colon_Peak_28953	56446482
sigmoid_colon_Peak_60925	56446482
sigmoid_colon_Peak_66359	56452196
sigmoid_colon_Peak_85886	56452196
sigmoid_colon_Peak_58262	56453055
sigmoid_colon_Peak_71401	56453055
sigmoid_colon_Peak_31218	58584375
sigmoid_colon_Peak_27231	58755259
sigmoid_colon_Peak_65478	58764406
sigmoid_colon_Peak_95095	58764406
sigmoid_colon_Peak_25319	58773401
sigmoid_colon_Peak_17659	58815228
sigmoid_colon_Peak_81612	58848916
sigmoid_colon_Peak_76608	58874862
sigmoid_colon_Peak_86172	58896703
sigmoid_colon_Peak_14409	58922276
sigmoid_colon_Peak_26458	58968482
sigmoid_colon_Peak_92581	58968482
sigmoid_colon_Peak_23391	59013351
sigmoid_colon_Peak_34337	59013351
sigmoid_colon_Peak_57755	59013351
sigmoid_colon_Peak_45040	59020235
sigmoid_colon_Peak_13249	59043787
sigmoid_colon_Peak_173263	59052187
sigmoid_colon_Peak_205395	59052187
sigmoid_colon_Peak_29937	59057203
sigmoid_colon_Peak_7240	59151032
sigmoid_colon_Peak_38756	61491470
sigmoid_colon_Peak_27927	61638253
sigmoid_colon_Peak_38709	62690243
sigmoid_colon_Peak_46450	63316942
sigmoid_colon_Peak_246634	63322193
sigmoid_colon_Peak_63675	63322193
sigmoid_colon_Peak_111985	63674465
sigmoid_colon_Peak_123945	63674465
sigmoid_colon_Peak_19851	63674465
sigmoid_colon_Peak_25499	63691993
sigmoid_colon_Peak_13429	63698260
sigmoid_colon_Peak_154145	63731562
sigmoid_colon_Peak_87663	63731562
sigmoid_colon_Peak_110099	65002238
sigmoid_colon_Peak_16161	65002238
sigmoid_colon_Peak_17867	65002238
sigmoid_colon_Peak_23815	65002238
sigmoid_colon_Peak_34159	66402204
sigmoid_colon_Peak_25645	66449912
sigmoid_colon_Peak_27064	66449912
sigmoid_colon_Peak_50296	67590388
sigmoid_colon_Peak_113674	67838294
sigmoid_colon_Peak_94656	67838294
sigmoid_colon_Peak_208088	68321157
sigmoid_colon_Peak_32776	68321157
sigmoid_colon_Peak_234088	68322898
sigmoid_colon_Peak_56175	68322898
sigmoid_colon_Peak_58421	68322898
sigmoid_colon_Peak_61894	68327525
sigmoid_colon_Peak_62535	69105071
sigmoid_colon_Peak_143000	69567153
sigmoid_colon_Peak_144056	69567153
sigmoid_colon_Peak_205713	69567153
sigmoid_colon_Peak_28205	69567153
sigmoid_colon_Peak_68801	71090030
sigmoid_colon_Peak_81630	82565176
sigmoid_colon_Peak_11811	83151207
sigmoid_colon_Peak_80002	83151207
sigmoid_colon_Peak_66829	83641371
sigmoid_colon_Peak_115451	83641851
sigmoid_colon_Peak_54935	83641851
sigmoid_colon_Peak_67836	83641851
sigmoid_colon_Peak_22633	84604510
sigmoid_colon_Peak_109355	84698208
sigmoid_colon_Peak_18671	84698208
sigmoid_colon_Peak_199981	84719557
sigmoid_colon_Peak_78742	84719557
sigmoid_colon_Peak_17216	84785021
sigmoid_colon_Peak_223245	84785021
sigmoid_colon_Peak_57207	85220706
sigmoid_colon_Peak_65305	85240382
sigmoid_colon_Peak_100454	85244831
sigmoid_colon_Peak_30382	85297719
sigmoid_colon_Peak_84595	85297719
sigmoid_colon_Peak_128042	85599157
sigmoid_colon_Peak_55437	85629047
sigmoid_colon_Peak_93113	85629047
sigmoid_colon_Peak_169561	86503388
sigmoid_colon_Peak_41366	86503388
sigmoid_colon_Peak_42608	86503388
sigmoid_colon_Peak_54419	86503388
sigmoid_colon_Peak_43176	86757519
sigmoid_colon_Peak_29936	87449276
sigmoid_colon_Peak_69674	87644515
sigmoid_colon_Peak_101931	87686542
sigmoid_colon_Peak_114554	87686542
sigmoid_colon_Peak_69791	87686542
sigmoid_colon_Peak_175274	87781406
sigmoid_colon_Peak_46574	87781406
sigmoid_colon_Peak_39464	87902704
sigmoid_colon_Peak_66527	87968213
sigmoid_colon_Peak_109542	87968499
sigmoid_colon_Peak_37702	87968499
sigmoid_colon_Peak_13932	90851283
sigmoid_colon_Peak_77813	90851283
sigmoid_colon_Peak_42200	91569861
sigmoid_colon_Peak_73616	91575011
sigmoid_colon_Peak_73451	91582538
sigmoid_colon_Peak_111856	91584832
sigmoid_colon_Peak_90353	91584832
sigmoid_colon_Peak_50130	91604653
sigmoid_colon_Peak_17966	91622673
sigmoid_colon_Peak_33194	91650765
sigmoid_colon_Peak_32508	92962314
sigmoid_colon_Peak_40570	93847784
sigmoid_colon_Peak_86041	93847784
sigmoid_colon_Peak_23912	94648164
sigmoid_colon_Peak_68807	94658212
sigmoid_colon_Peak_8969	94713725
sigmoid_colon_Peak_18634	94743814
sigmoid_colon_Peak_111109	94783307
sigmoid_colon_Peak_15032	94783307
sigmoid_colon_Peak_61090	94793266
sigmoid_colon_Peak_21775	94801995
sigmoid_colon_Peak_44341	94801995
sigmoid_colon_Peak_34444	94803526
sigmoid_colon_Peak_36093	94955823
sigmoid_colon_Peak_21151	95935500
sigmoid_colon_Peak_93957	95935500
sigmoid_colon_Peak_166476	96416060
sigmoid_colon_Peak_48441	96416060
sigmoid_colon_Peak_174844	96482222
sigmoid_colon_Peak_92515	96482222
sigmoid_colon_Peak_94022	96487271
sigmoid_colon_Peak_125065	96520072
sigmoid_colon_Peak_60457	96520072
sigmoid_colon_Peak_48210	96520586
sigmoid_colon_Peak_28314	96538178
sigmoid_colon_Peak_7040	96538178
sigmoid_colon_Peak_154328	96683827
sigmoid_colon_Peak_38929	96683827
sigmoid_colon_Peak_246867	96865596
sigmoid_colon_Peak_31136	96865596
sigmoid_colon_Peak_93196	96934566
sigmoid_colon_Peak_57927	96968556
sigmoid_colon_Peak_100927	99808356
sigmoid_colon_Peak_148632	99808356
sigmoid_colon_Peak_7037	99808356
sigmoid_colon_Peak_81261	99808356
sigmoid_colon_Peak_174291	106721674
sigmoid_colon_Peak_76333	106721674
sigmoid_colon_Peak_172721	106752584
sigmoid_colon_Peak_47819	106753072
sigmoid_colon_Peak_14811	106879422
sigmoid_colon_Peak_24256	107530336
sigmoid_colon_Peak_247107	107530336
sigmoid_colon_Peak_28463	109099794
sigmoid_colon_Peak_6272	109099794
sigmoid_colon_Peak_86841	109099794
sigmoid_colon_Peak_165390	109240090
sigmoid_colon_Peak_35626	109240090
sigmoid_colon_Peak_63211	109240090
sigmoid_colon_Peak_20680	109532302
sigmoid_colon_Peak_30141	109532302
sigmoid_colon_Peak_74224	109532302
sigmoid_colon_Peak_85760	109792174
sigmoid_colon_Peak_102258	109807483
sigmoid_colon_Peak_197850	109821157
sigmoid_colon_Peak_75131	109821157
sigmoid_colon_Peak_100184	109823925
sigmoid_colon_Peak_57301	109838857
sigmoid_colon_Peak_116678	109864194
sigmoid_colon_Peak_26180	109872080
sigmoid_colon_Peak_23515	109877301
sigmoid_colon_Peak_111008	109883350
sigmoid_colon_Peak_58468	109883350
sigmoid_colon_Peak_123882	109884167
sigmoid_colon_Peak_228590	109884167
sigmoid_colon_Peak_47153	109931153
sigmoid_colon_Peak_33892	109954218
sigmoid_colon_Peak_100309	110083941
sigmoid_colon_Peak_130472	110083941
sigmoid_colon_Peak_19036	110083941
sigmoid_colon_Peak_48487	110083941
sigmoid_colon_Peak_19608	110120945
sigmoid_colon_Peak_37982	110120945
sigmoid_colon_Peak_15864	110209936
sigmoid_colon_Peak_84541	110209936
sigmoid_colon_Peak_84944	110209936
sigmoid_colon_Peak_37637	110555365
sigmoid_colon_Peak_43583	110556195
sigmoid_colon_Peak_50834	110556195
sigmoid_colon_Peak_114611	111990593
sigmoid_colon_Peak_126909	111990593
sigmoid_colon_Peak_197432	111990593
sigmoid_colon_Peak_36226	111991438
sigmoid_colon_Peak_109617	112317200
sigmoid_colon_Peak_194361	112317200
sigmoid_colon_Peak_225485	112318784
sigmoid_colon_Peak_33444	112358842
sigmoid_colon_Peak_39572	112360010
sigmoid_colon_Peak_12467	112390828
sigmoid_colon_Peak_168546	112390828
sigmoid_colon_Peak_32504	112394191
sigmoid_colon_Peak_24101	112716329
sigmoid_colon_Peak_42291	112957489
sigmoid_colon_Peak_42901	112982905
sigmoid_colon_Peak_15410	112997767
sigmoid_colon_Peak_30959	112998739
sigmoid_colon_Peak_79709	112998739
sigmoid_colon_Peak_131892	114081419
sigmoid_colon_Peak_50690	114081419
sigmoid_colon_Peak_67247	114081419
sigmoid_colon_Peak_228213	114345944
sigmoid_colon_Peak_24017	114345944
sigmoid_colon_Peak_8420	114345944
sigmoid_colon_Peak_32457	114353292
sigmoid_colon_Peak_59693	114370012
sigmoid_colon_Peak_41949	115090582
sigmoid_colon_Peak_19686	115099333
sigmoid_colon_Peak_50573	115099333
sigmoid_colon_Peak_144605	115158188
sigmoid_colon_Peak_59277	115190181
sigmoid_colon_Peak_62478	115233513
sigmoid_colon_Peak_42641	115251263
sigmoid_colon_Peak_201922	115363728
sigmoid_colon_Peak_58735	115363728
sigmoid_colon_Peak_60714	115363728
sigmoid_colon_Peak_21325	115365749
sigmoid_colon_Peak_102088	115771656
sigmoid_colon_Peak_18933	115771656
sigmoid_colon_Peak_38856	115828152
sigmoid_colon_Peak_70572	115828152
sigmoid_colon_Peak_114951	116151725
sigmoid_colon_Peak_14988	116151725
sigmoid_colon_Peak_167738	116168219
sigmoid_colon_Peak_20519	116168219
sigmoid_colon_Peak_16714	116418239
sigmoid_colon_Peak_43428	116418239
sigmoid_colon_Peak_67905	116853810
sigmoid_colon_Peak_47146	116878065
sigmoid_colon_Peak_48489	116878065
sigmoid_colon_Peak_79455	116878065
sigmoid_colon_Peak_147443	117051479
sigmoid_colon_Peak_85702	117051479
sigmoid_colon_Peak_24493	117682312
sigmoid_colon_Peak_103552	117686080
sigmoid_colon_Peak_14746	117695823
sigmoid_colon_Peak_44591	117695823
sigmoid_colon_Peak_41685	117780719
sigmoid_colon_Peak_67668	117780719
sigmoid_colon_Peak_90532	117780719
sigmoid_colon_Peak_100185	117815123
sigmoid_colon_Peak_116258	117815123
sigmoid_colon_Peak_114907	117821178
sigmoid_colon_Peak_23082	117821748
sigmoid_colon_Peak_84566	117826851
sigmoid_colon_Peak_18968	117828111
sigmoid_colon_Peak_55995	119327122
sigmoid_colon_Peak_9651	119327122
sigmoid_colon_Peak_33630	119873618
sigmoid_colon_Peak_33893	145425092
sigmoid_colon_Peak_52807	145425092
sigmoid_colon_Peak_644	145979290
sigmoid_colon_Peak_263782	145985315
sigmoid_colon_Peak_48767	145985315
sigmoid_colon_Peak_93091	145985823
sigmoid_colon_Peak_19180	145999336
sigmoid_colon_Peak_14447	146007185
sigmoid_colon_Peak_32774	146036920
sigmoid_colon_Peak_46507	147539125
sigmoid_colon_Peak_61335	148334628
sigmoid_colon_Peak_85733	148334628
sigmoid_colon_Peak_11534	148388222
sigmoid_colon_Peak_21312	148388222
sigmoid_colon_Peak_51123	148388222
sigmoid_colon_Peak_33026	150061613
sigmoid_colon_Peak_4021	150213496
sigmoid_colon_Peak_51643	150213496
sigmoid_colon_Peak_23977	150255777
sigmoid_colon_Peak_79056	150255777
sigmoid_colon_Peak_33633	150281363
sigmoid_colon_Peak_1530	150515109
sigmoid_colon_Peak_230721	150515109
sigmoid_colon_Peak_49239	150538081
sigmoid_colon_Peak_1565	150560978
sigmoid_colon_Peak_16272	150560978
sigmoid_colon_Peak_9189	150560978
sigmoid_colon_Peak_35700	150567733
sigmoid_colon_Peak_10482	150568116
sigmoid_colon_Peak_148143	150979389
sigmoid_colon_Peak_61250	150979389
sigmoid_colon_Peak_209017	151473236
sigmoid_colon_Peak_41375	151473236
sigmoid_colon_Peak_54979	151473236
sigmoid_colon_Peak_18691	151539593
sigmoid_colon_Peak_39835	151945792
sigmoid_colon_Peak_27461	151972749
sigmoid_colon_Peak_28406	152448156
sigmoid_colon_Peak_166981	153490270
sigmoid_colon_Peak_31276	153490270
sigmoid_colon_Peak_59208	153490270
sigmoid_colon_Peak_10350	153506755
sigmoid_colon_Peak_12667	153533150
sigmoid_colon_Peak_53692	153533807
sigmoid_colon_Peak_102256	153568396
sigmoid_colon_Peak_43460	153568396
sigmoid_colon_Peak_16594	153572529
sigmoid_colon_Peak_109750	153697208
sigmoid_colon_Peak_123624	153697208
sigmoid_colon_Peak_45841	153697208
sigmoid_colon_Peak_67559	153697208
sigmoid_colon_Peak_10324	153790119
sigmoid_colon_Peak_61885	153790119
sigmoid_colon_Peak_6891	153790119
sigmoid_colon_Peak_70031	153790119
sigmoid_colon_Peak_26441	153986762
sigmoid_colon_Peak_103919	154352713
sigmoid_colon_Peak_51859	154353026
sigmoid_colon_Peak_57267	154353026
sigmoid_colon_Peak_94051	155062800
sigmoid_colon_Peak_41070	155094019
sigmoid_colon_Peak_114140	155126180
sigmoid_colon_Peak_125730	155126180
sigmoid_colon_Peak_27908	155126180
sigmoid_colon_Peak_24528	155166805
sigmoid_colon_Peak_40761	155166805
sigmoid_colon_Peak_56484	155166805
sigmoid_colon_Peak_73661	155166805
sigmoid_colon_Peak_13195	155192990
sigmoid_colon_Peak_143454	155192990
sigmoid_colon_Peak_98822	155192990
sigmoid_colon_Peak_13681	155194333
sigmoid_colon_Peak_49402	155194333
sigmoid_colon_Peak_46777	155227006
sigmoid_colon_Peak_52245	155227365
sigmoid_colon_Peak_694	155227365
sigmoid_colon_Peak_29443	155648380
sigmoid_colon_Peak_3593	155745332
sigmoid_colon_Peak_64634	155745332
sigmoid_colon_Peak_37668	156140692
sigmoid_colon_Peak_60997	156140692
sigmoid_colon_Peak_98230	156140692
sigmoid_colon_Peak_1460	156456463
sigmoid_colon_Peak_30837	156456463
sigmoid_colon_Peak_4564	156456463
sigmoid_colon_Peak_50285	156456463
sigmoid_colon_Peak_18350	156502840
sigmoid_colon_Peak_45524	156504987
sigmoid_colon_Peak_9441	156504987
sigmoid_colon_Peak_32791	156508432
sigmoid_colon_Peak_7317	156510640
sigmoid_colon_Peak_29957	156608124
sigmoid_colon_Peak_152167	156615095
sigmoid_colon_Peak_64143	156615095
sigmoid_colon_Peak_38589	156616327
sigmoid_colon_Peak_115376	156659983
sigmoid_colon_Peak_14552	156659983
sigmoid_colon_Peak_58848	156664887
sigmoid_colon_Peak_198253	156667439
sigmoid_colon_Peak_48168	156667439
sigmoid_colon_Peak_73736	156677931
sigmoid_colon_Peak_27811	156706674
sigmoid_colon_Peak_19379	156709798
sigmoid_colon_Peak_21767	156892141
sigmoid_colon_Peak_40397	157992017
sigmoid_colon_Peak_51725	157992017
sigmoid_colon_Peak_171026	158149653
sigmoid_colon_Peak_4865	158149653
sigmoid_colon_Peak_150429	158998564
sigmoid_colon_Peak_58266	158998564
sigmoid_colon_Peak_93898	158998564
sigmoid_colon_Peak_18339	159161056
sigmoid_colon_Peak_20312	159161056
sigmoid_colon_Peak_47165	159989607
sigmoid_colon_Peak_19775	160101038
sigmoid_colon_Peak_71099	160102288
sigmoid_colon_Peak_28484	161382179
sigmoid_colon_Peak_49255	161382179
sigmoid_colon_Peak_123963	161389633
sigmoid_colon_Peak_3154	161389633
sigmoid_colon_Peak_4026	161389633
sigmoid_colon_Peak_50815	161389633
sigmoid_colon_Peak_195349	161972942
sigmoid_colon_Peak_142948	161973801
sigmoid_colon_Peak_34396	161973801
sigmoid_colon_Peak_153614	162062482
sigmoid_colon_Peak_54984	162062482
sigmoid_colon_Peak_20710	162541379
sigmoid_colon_Peak_224935	162541379
sigmoid_colon_Peak_21179	162548167
sigmoid_colon_Peak_179089	162613471
sigmoid_colon_Peak_32571	162613471
sigmoid_colon_Peak_102778	162626201
sigmoid_colon_Peak_225583	162626201
sigmoid_colon_Peak_90932	162631037
sigmoid_colon_Peak_50846	163104576
sigmoid_colon_Peak_76534	163381609
sigmoid_colon_Peak_67985	163406799
sigmoid_colon_Peak_28576	163436229
sigmoid_colon_Peak_26413	163440048
sigmoid_colon_Peak_109501	163538757
sigmoid_colon_Peak_42979	163538757
sigmoid_colon_Peak_87559	163673836
sigmoid_colon_Peak_11497	164295814
sigmoid_colon_Peak_78951	164295814
sigmoid_colon_Peak_84086	164320914
sigmoid_colon_Peak_59704	164369775
sigmoid_colon_Peak_68690	164928255
sigmoid_colon_Peak_67488	164929045
sigmoid_colon_Peak_11350	164949703
sigmoid_colon_Peak_15735	164949703
sigmoid_colon_Peak_18859	164949703
sigmoid_colon_Peak_44876	164949703
sigmoid_colon_Peak_9857	164949703
sigmoid_colon_Peak_43799	164982897
sigmoid_colon_Peak_32704	165063205
sigmoid_colon_Peak_46958	165063205
sigmoid_colon_Peak_47918	165063205
sigmoid_colon_Peak_85831	165073480
sigmoid_colon_Peak_17871	165375998
sigmoid_colon_Peak_35565	165375998
sigmoid_colon_Peak_7694	165375998
sigmoid_colon_Peak_17699	165383137
sigmoid_colon_Peak_15615	167796954
sigmoid_colon_Peak_44096	168149029
sigmoid_colon_Peak_22905	168320704
sigmoid_colon_Peak_42325	168320704
sigmoid_colon_Peak_87128	168320704
sigmoid_colon_Peak_18511	168342360
sigmoid_colon_Peak_94455	168342360
sigmoid_colon_Peak_114571	168371617
sigmoid_colon_Peak_64129	168391814
sigmoid_colon_Peak_52231	168392138
sigmoid_colon_Peak_19223	168428035
sigmoid_colon_Peak_45979	168469615
sigmoid_colon_Peak_70025	168481704
sigmoid_colon_Peak_42917	168485127
sigmoid_colon_Peak_44414	168488124
sigmoid_colon_Peak_12779	168498181
sigmoid_colon_Peak_62370	168513855
sigmoid_colon_Peak_50168	168609206
sigmoid_colon_Peak_56358	168609206
sigmoid_colon_Peak_59569	168613738
sigmoid_colon_Peak_23239	168636659
sigmoid_colon_Peak_35785	168688663
sigmoid_colon_Peak_38582	168688663
sigmoid_colon_Peak_101785	168690035
sigmoid_colon_Peak_87351	168690035
sigmoid_colon_Peak_93226	168690035
sigmoid_colon_Peak_48932	168767896
sigmoid_colon_Peak_52815	168774197
sigmoid_colon_Peak_153638	168880041
sigmoid_colon_Peak_54985	168880041
sigmoid_colon_Peak_127308	168893260
sigmoid_colon_Peak_26951	168893260
sigmoid_colon_Peak_24789	169511377
sigmoid_colon_Peak_30823	169511377
sigmoid_colon_Peak_27628	170929663
sigmoid_colon_Peak_55509	170929663
sigmoid_colon_Peak_71848	170929663
sigmoid_colon_Peak_43814	171655277
sigmoid_colon_Peak_132916	171674752
sigmoid_colon_Peak_62502	171674752
sigmoid_colon_Peak_206131	172746167
sigmoid_colon_Peak_31035	172746167
sigmoid_colon_Peak_28411	172826063
sigmoid_colon_Peak_43969	172826063
sigmoid_colon_Peak_20331	172933766
sigmoid_colon_Peak_44750	172933766
sigmoid_colon_Peak_19467	173122912
sigmoid_colon_Peak_46787	173122912
sigmoid_colon_Peak_44957	173429522
sigmoid_colon_Peak_20808	173429829
sigmoid_colon_Peak_57886	173431271
sigmoid_colon_Peak_36763	173451981
sigmoid_colon_Peak_71147	174022815
sigmoid_colon_Peak_83344	175150732
sigmoid_colon_Peak_109321	175200701
sigmoid_colon_Peak_129565	175200701
sigmoid_colon_Peak_145233	175200701
sigmoid_colon_Peak_31411	176846867
sigmoid_colon_Peak_20347	177341727
sigmoid_colon_Peak_116343	178057962
sigmoid_colon_Peak_61160	178057962
sigmoid_colon_Peak_10231	178931892
sigmoid_colon_Peak_22987	178931892
sigmoid_colon_Peak_53319	178931892
sigmoid_colon_Peak_19921	178933009
sigmoid_colon_Peak_27707	178933009
sigmoid_colon_Peak_12719	178938632
sigmoid_colon_Peak_7931	178938632
sigmoid_colon_Peak_92610	178938632
sigmoid_colon_Peak_62177	178946038
sigmoid_colon_Peak_42465	178952950
sigmoid_colon_Peak_40437	179017124
sigmoid_colon_Peak_25072	180953889
sigmoid_colon_Peak_29051	180953889
sigmoid_colon_Peak_47578	181094949
sigmoid_colon_Peak_54396	181096261
sigmoid_colon_Peak_26625	181104585
sigmoid_colon_Peak_3629	181104585
sigmoid_colon_Peak_79702	181104585
sigmoid_colon_Peak_43611	181112422
sigmoid_colon_Peak_194948	181134876
sigmoid_colon_Peak_50814	181134876
sigmoid_colon_Peak_17486	181142337
sigmoid_colon_Peak_6129	181152893
sigmoid_colon_Peak_4474	182029316
sigmoid_colon_Peak_7210	182029316
sigmoid_colon_Peak_42205	182143251
sigmoid_colon_Peak_16291	182143888
sigmoid_colon_Peak_19189	182143888
sigmoid_colon_Peak_45852	182206897
sigmoid_colon_Peak_9588	182289923
sigmoid_colon_Peak_48602	182348958
sigmoid_colon_Peak_50431	182351822
sigmoid_colon_Peak_18089	182614776
sigmoid_colon_Peak_28560	182614776
sigmoid_colon_Peak_152540	182616164
sigmoid_colon_Peak_73735	182616164
sigmoid_colon_Peak_224936	183148598
sigmoid_colon_Peak_70252	183148598
sigmoid_colon_Peak_64720	183180319
sigmoid_colon_Peak_71488	183180856
sigmoid_colon_Peak_21569	183598345
sigmoid_colon_Peak_25778	183609271
sigmoid_colon_Peak_31736	184075082
sigmoid_colon_Peak_34208	184075082
sigmoid_colon_Peak_11690	184283937
sigmoid_colon_Peak_40062	184296604
sigmoid_colon_Peak_110742	184330324
sigmoid_colon_Peak_30734	184330324
sigmoid_colon_Peak_173465	184366968
sigmoid_colon_Peak_49253	184366968
sigmoid_colon_Peak_98673	184366968
sigmoid_colon_Peak_25258	184629827
sigmoid_colon_Peak_75290	184629827
sigmoid_colon_Peak_54508	184632805
sigmoid_colon_Peak_62049	184632805
sigmoid_colon_Peak_101756	184663455
sigmoid_colon_Peak_32531	184663455
sigmoid_colon_Peak_79321	184663455
sigmoid_colon_Peak_35972	186626875
sigmoid_colon_Peak_123625	191371450
sigmoid_colon_Peak_20500	191371450
sigmoid_colon_Peak_131517	192476725
sigmoid_colon_Peak_92207	192476725
sigmoid_colon_Peak_11555	192485734
sigmoid_colon_Peak_17178	192489767
sigmoid_colon_Peak_76549	192539843
sigmoid_colon_Peak_87077	192592677
sigmoid_colon_Peak_32332	192593211
sigmoid_colon_Peak_109459	192817020
sigmoid_colon_Peak_99769	192817020
sigmoid_colon_Peak_24840	192878139
sigmoid_colon_Peak_36396	192890037
sigmoid_colon_Peak_40685	192890037
sigmoid_colon_Peak_15374	192907602
sigmoid_colon_Peak_151572	192913782
sigmoid_colon_Peak_178614	192913782
sigmoid_colon_Peak_60684	192920488
sigmoid_colon_Peak_32839	192951970
sigmoid_colon_Peak_70631	193111673
sigmoid_colon_Peak_26711	193115661
sigmoid_colon_Peak_87583	193341846
sigmoid_colon_Peak_110103	193408776
sigmoid_colon_Peak_178405	193408776
sigmoid_colon_Peak_39275	193418503
sigmoid_colon_Peak_28334	194069408
sigmoid_colon_Peak_115258	200302178
sigmoid_colon_Peak_115727	200302178
sigmoid_colon_Peak_47432	200302178
sigmoid_colon_Peak_26221	200415978
sigmoid_colon_Peak_89989	200621215
sigmoid_colon_Peak_17837	201448015
sigmoid_colon_Peak_94448	201449003
sigmoid_colon_Peak_204629	201450669
sigmoid_colon_Peak_25078	201450669
sigmoid_colon_Peak_17116	201456662
sigmoid_colon_Peak_263844	201456662
sigmoid_colon_Peak_11374	201460992
sigmoid_colon_Peak_12902	201461691
sigmoid_colon_Peak_207959	201461691
sigmoid_colon_Peak_25057	201480507
sigmoid_colon_Peak_71893	201480507
sigmoid_colon_Peak_130705	201481720
sigmoid_colon_Peak_21740	201481720
sigmoid_colon_Peak_227888	201481720
sigmoid_colon_Peak_7915	201481720
sigmoid_colon_Peak_35486	201512100
sigmoid_colon_Peak_199840	201512780
sigmoid_colon_Peak_21485	201512780
sigmoid_colon_Peak_14362	201530805
sigmoid_colon_Peak_37276	201535083
sigmoid_colon_Peak_57216	201535778
sigmoid_colon_Peak_17231	201538748
sigmoid_colon_Peak_86612	201538748
sigmoid_colon_Peak_124255	201552853
sigmoid_colon_Peak_55916	201562713
sigmoid_colon_Peak_43505	201565362
sigmoid_colon_Peak_39199	201584458
sigmoid_colon_Peak_18222	201593324
sigmoid_colon_Peak_33281	201602924
sigmoid_colon_Peak_14198	201895747
sigmoid_colon_Peak_172695	201895747
sigmoid_colon_Peak_263563	201947159
sigmoid_colon_Peak_64815	201947159
sigmoid_colon_Peak_75469	202810516
sigmoid_colon_Peak_7800	202810516
sigmoid_colon_Peak_178299	202861505
sigmoid_colon_Peak_7128	202861505
sigmoid_colon_Peak_83364	202861505
sigmoid_colon_Peak_29230	203274986
sigmoid_colon_Peak_4863	203278287
sigmoid_colon_Peak_50823	203290416
sigmoid_colon_Peak_7495	203290416
sigmoid_colon_Peak_26430	203327120
sigmoid_colon_Peak_33538	203327120
sigmoid_colon_Peak_7449	203327120
sigmoid_colon_Peak_28545	203368906
sigmoid_colon_Peak_42520	203374033
sigmoid_colon_Peak_265124	203379943
sigmoid_colon_Peak_52374	203379943
sigmoid_colon_Peak_100428	203402615
sigmoid_colon_Peak_42986	203405693
sigmoid_colon_Peak_37116	203406603
sigmoid_colon_Peak_11704	203408406
sigmoid_colon_Peak_75638	203408406
sigmoid_colon_Peak_16324	203440817
sigmoid_colon_Peak_92189	203447621
sigmoid_colon_Peak_59574	203448619
sigmoid_colon_Peak_48378	203452023
sigmoid_colon_Peak_226282	203463465
sigmoid_colon_Peak_61216	203463465
sigmoid_colon_Peak_75112	203463465
sigmoid_colon_Peak_8471	203464981
sigmoid_colon_Peak_23214	203465932
sigmoid_colon_Peak_102519	203512848
sigmoid_colon_Peak_16744	203512848
sigmoid_colon_Peak_66888	203514013
sigmoid_colon_Peak_109580	203534010
sigmoid_colon_Peak_251156	203534368
sigmoid_colon_Peak_8373	203534368
sigmoid_colon_Peak_230541	203544373
sigmoid_colon_Peak_63645	203544373
sigmoid_colon_Peak_80951	203544373
sigmoid_colon_Peak_18282	203556030
sigmoid_colon_Peak_35561	203556030
sigmoid_colon_Peak_32485	203557483
sigmoid_colon_Peak_20258	203558371
sigmoid_colon_Peak_51593	203591879
sigmoid_colon_Peak_71755	203591879
sigmoid_colon_Peak_222156	203597538
sigmoid_colon_Peak_60443	203597538
sigmoid_colon_Peak_93084	203597538
sigmoid_colon_Peak_60420	203601130
sigmoid_colon_Peak_73767	203609363
sigmoid_colon_Peak_37961	203744120
sigmoid_colon_Peak_48934	203871153
sigmoid_colon_Peak_94106	204041194
sigmoid_colon_Peak_57087	204041904
sigmoid_colon_Peak_24580	204128931
sigmoid_colon_Peak_94805	204128931
sigmoid_colon_Peak_124820	204129667
sigmoid_colon_Peak_129047	204417142
sigmoid_colon_Peak_20339	204417142
sigmoid_colon_Peak_47854	204703190
sigmoid_colon_Peak_79322	204703190
sigmoid_colon_Peak_115765	204814242
sigmoid_colon_Peak_51636	204814242
sigmoid_colon_Peak_43620	204819064
sigmoid_colon_Peak_195283	204821466
sigmoid_colon_Peak_71784	204821466
sigmoid_colon_Peak_81032	204821466
sigmoid_colon_Peak_205378	205284669
sigmoid_colon_Peak_23262	205284669
sigmoid_colon_Peak_91940	205294406
sigmoid_colon_Peak_53413	205301406
sigmoid_colon_Peak_234871	205543327
sigmoid_colon_Peak_29486	205543327
sigmoid_colon_Peak_53741	205543327
sigmoid_colon_Peak_37812	205783609
sigmoid_colon_Peak_81554	205783609
sigmoid_colon_Peak_29373	206634346
sigmoid_colon_Peak_15097	207805844
sigmoid_colon_Peak_24058	207811938
sigmoid_colon_Peak_50522	207816715
sigmoid_colon_Peak_14509	207823747
sigmoid_colon_Peak_27907	207825718
sigmoid_colon_Peak_21113	207828618
sigmoid_colon_Peak_81025	207831547
sigmoid_colon_Peak_60180	207838496
sigmoid_colon_Peak_11051	207866574
sigmoid_colon_Peak_42992	207866574
sigmoid_colon_Peak_46283	207867361
sigmoid_colon_Peak_59210	207868250
sigmoid_colon_Peak_17350	207868720
sigmoid_colon_Peak_57766	207868720
sigmoid_colon_Peak_57976	207925189
sigmoid_colon_Peak_79281	207925189
sigmoid_colon_Peak_13645	207959111
sigmoid_colon_Peak_55585	207962824
sigmoid_colon_Peak_8090	207962824
sigmoid_colon_Peak_84374	207962824
sigmoid_colon_Peak_195959	208245077
sigmoid_colon_Peak_39375	208245077
sigmoid_colon_Peak_209306	209266538
sigmoid_colon_Peak_68768	209266538
sigmoid_colon_Peak_68769	209266538
sigmoid_colon_Peak_72401	209266538
sigmoid_colon_Peak_199851	209349689
sigmoid_colon_Peak_49480	209349689
sigmoid_colon_Peak_209308	209742508
sigmoid_colon_Peak_250247	209742508
sigmoid_colon_Peak_70253	210223139
sigmoid_colon_Peak_61988	210232162
sigmoid_colon_Peak_27796	210251112
sigmoid_colon_Peak_85288	210251112
sigmoid_colon_Peak_34293	210258075
sigmoid_colon_Peak_100857	210262122
sigmoid_colon_Peak_101023	210262122
sigmoid_colon_Peak_70052	210262122
sigmoid_colon_Peak_29924	210292339
sigmoid_colon_Peak_123399	210293005
sigmoid_colon_Peak_49342	210293005
sigmoid_colon_Peak_56657	210295069
sigmoid_colon_Peak_25649	210311196
sigmoid_colon_Peak_152755	210312023
sigmoid_colon_Peak_231348	210312023
sigmoid_colon_Peak_12357	211613366
sigmoid_colon_Peak_43724	211633016
sigmoid_colon_Peak_8446	212234589
sigmoid_colon_Peak_10845	212469989
sigmoid_colon_Peak_233866	212488612
sigmoid_colon_Peak_36500	212488612
sigmoid_colon_Peak_35013	212636582
sigmoid_colon_Peak_37409	212638735
sigmoid_colon_Peak_26522	212700367
sigmoid_colon_Peak_60635	212700367
sigmoid_colon_Peak_87003	212700367
sigmoid_colon_Peak_68597	214337629
sigmoid_colon_Peak_91312	214337629
sigmoid_colon_Peak_48811	214338287
sigmoid_colon_Peak_153854	215539617
sigmoid_colon_Peak_35309	215539617
sigmoid_colon_Peak_48608	215539617
sigmoid_colon_Peak_56570	215544655
sigmoid_colon_Peak_172853	218164140
sigmoid_colon_Peak_46878	218164140
sigmoid_colon_Peak_48678	218164140
sigmoid_colon_Peak_56287	218164140
sigmoid_colon_Peak_94856	218165379
sigmoid_colon_Peak_201880	218460001
sigmoid_colon_Peak_27074	218460001
sigmoid_colon_Peak_40941	218460001
sigmoid_colon_Peak_33993	218479838
sigmoid_colon_Peak_78002	218479838
sigmoid_colon_Peak_56933	218499032
sigmoid_colon_Peak_30990	218665272
sigmoid_colon_Peak_17780	220843429
sigmoid_colon_Peak_18647	220887447
sigmoid_colon_Peak_198611	220894007
sigmoid_colon_Peak_27741	220894007
sigmoid_colon_Peak_37596	220991954
sigmoid_colon_Peak_51777	220991954
sigmoid_colon_Peak_22671	221029976
sigmoid_colon_Peak_91229	221029976
sigmoid_colon_Peak_28806	221032816
sigmoid_colon_Peak_44432	221203474
sigmoid_colon_Peak_48291	221203474
sigmoid_colon_Peak_52480	221203474
sigmoid_colon_Peak_115951	221227900
sigmoid_colon_Peak_44444	221230575
sigmoid_colon_Peak_33977	221335250
sigmoid_colon_Peak_66855	221335250
sigmoid_colon_Peak_71137	221335250
sigmoid_colon_Peak_223776	221440327
sigmoid_colon_Peak_27977	221440327
sigmoid_colon_Peak_34488	221440327
sigmoid_colon_Peak_133078	221448367
sigmoid_colon_Peak_42696	221448367
sigmoid_colon_Peak_50758	221458117
sigmoid_colon_Peak_54611	221458117
sigmoid_colon_Peak_16766	221612463
sigmoid_colon_Peak_28791	221845831
sigmoid_colon_Peak_47722	221845831
sigmoid_colon_Peak_14879	222043499
sigmoid_colon_Peak_36709	222043499
sigmoid_colon_Peak_45286	222043499
sigmoid_colon_Peak_18255	222454732
sigmoid_colon_Peak_36331	222454732
sigmoid_colon_Peak_10952	222465214
sigmoid_colon_Peak_10147	222757505
sigmoid_colon_Peak_10990	222757505
sigmoid_colon_Peak_37813	222829983
sigmoid_colon_Peak_20267	223031532
sigmoid_colon_Peak_76567	223031532
sigmoid_colon_Peak_131545	223051933
sigmoid_colon_Peak_58335	223074505
sigmoid_colon_Peak_18610	223081233
sigmoid_colon_Peak_53516	223081233
sigmoid_colon_Peak_22404	223084357
sigmoid_colon_Peak_21929	223090121
sigmoid_colon_Peak_13784	223429268
sigmoid_colon_Peak_101845	223430199
sigmoid_colon_Peak_129491	224205467
sigmoid_colon_Peak_22678	224223319
sigmoid_colon_Peak_70391	224223319
sigmoid_colon_Peak_71113	224223319
sigmoid_colon_Peak_29032	225444896
sigmoid_colon_Peak_2260	225447358
sigmoid_colon_Peak_55476	225447358
sigmoid_colon_Peak_36363	225453971
sigmoid_colon_Peak_67641	225460103
sigmoid_colon_Peak_68211	225460103
sigmoid_colon_Peak_40869	225461516
sigmoid_colon_Peak_18372	225474805
sigmoid_colon_Peak_22433	225474805
sigmoid_colon_Peak_59240	225474805
sigmoid_colon_Peak_23546	225484075
sigmoid_colon_Peak_57065	225484075
sigmoid_colon_Peak_39941	225655511
sigmoid_colon_Peak_12204	225661962
sigmoid_colon_Peak_141945	225661962
sigmoid_colon_Peak_47499	225735628
sigmoid_colon_Peak_25773	225745160
sigmoid_colon_Peak_14348	225746666
sigmoid_colon_Peak_51176	225746666
sigmoid_colon_Peak_73615	225763771
sigmoid_colon_Peak_29231	225766919
sigmoid_colon_Peak_29192	225772321
sigmoid_colon_Peak_11495	226082920
sigmoid_colon_Peak_32483	226082920
sigmoid_colon_Peak_38151	226082920
sigmoid_colon_Peak_39940	226082920
sigmoid_colon_Peak_19807	226109553
sigmoid_colon_Peak_23920	226109553
sigmoid_colon_Peak_59061	226109553
sigmoid_colon_Peak_65225	226109553
sigmoid_colon_Peak_9526	226109553
sigmoid_colon_Peak_19847	226121378
sigmoid_colon_Peak_42289	226121378
sigmoid_colon_Peak_52003	226121378
sigmoid_colon_Peak_85365	226353126
sigmoid_colon_Peak_34172	226547768
sigmoid_colon_Peak_33210	226626283
sigmoid_colon_Peak_76326	226626283
sigmoid_colon_Peak_23378	226778473
sigmoid_colon_Peak_28996	226784118
sigmoid_colon_Peak_56634	226784118
sigmoid_colon_Peak_19164	226799886
sigmoid_colon_Peak_28873	226814726
sigmoid_colon_Peak_35080	226814726
sigmoid_colon_Peak_52366	226814726
sigmoid_colon_Peak_1916	226821233
sigmoid_colon_Peak_75286	226821233
sigmoid_colon_Peak_12650	226827333
sigmoid_colon_Peak_177079	226827333
sigmoid_colon_Peak_13636	226827929
sigmoid_colon_Peak_91262	226989210
sigmoid_colon_Peak_205724	227431767
sigmoid_colon_Peak_58469	227431767
sigmoid_colon_Peak_116365	227541751
sigmoid_colon_Peak_14793	227541751
sigmoid_colon_Peak_36417	227541751
sigmoid_colon_Peak_16965	227787517
sigmoid_colon_Peak_48429	227794479
sigmoid_colon_Peak_11274	227886982
sigmoid_colon_Peak_16062	227886982
sigmoid_colon_Peak_44361	227886982
sigmoid_colon_Peak_60971	227895799
sigmoid_colon_Peak_22562	228149399
sigmoid_colon_Peak_78748	228795672
sigmoid_colon_Peak_21711	228798488
sigmoid_colon_Peak_52532	228802461
sigmoid_colon_Peak_65402	228838256
sigmoid_colon_Peak_66141	228838256
sigmoid_colon_Peak_114497	228900021
sigmoid_colon_Peak_205745	228900021
sigmoid_colon_Peak_75425	228900021
sigmoid_colon_Peak_149955	228902884
sigmoid_colon_Peak_23402	228902884
sigmoid_colon_Peak_86148	228902884
sigmoid_colon_Peak_67944	228903793
sigmoid_colon_Peak_57320	228964218
sigmoid_colon_Peak_35398	228989960
sigmoid_colon_Peak_36077	228989960
sigmoid_colon_Peak_202332	229003447
sigmoid_colon_Peak_56716	229003447
sigmoid_colon_Peak_153280	229059652
sigmoid_colon_Peak_73704	229059652
sigmoid_colon_Peak_62438	229062123
sigmoid_colon_Peak_17337	229070159
sigmoid_colon_Peak_58967	229108999
sigmoid_colon_Peak_56129	229109507
sigmoid_colon_Peak_58232	229115004
sigmoid_colon_Peak_11210	229115921
sigmoid_colon_Peak_207279	229115921
sigmoid_colon_Peak_246561	229204921
sigmoid_colon_Peak_28167	229204921
sigmoid_colon_Peak_72268	229204921
sigmoid_colon_Peak_29951	229229720
sigmoid_colon_Peak_22836	229563765
sigmoid_colon_Peak_48940	229579125
sigmoid_colon_Peak_60319	229579125
sigmoid_colon_Peak_45588	229699723
sigmoid_colon_Peak_27800	229887465
sigmoid_colon_Peak_235430	230806812
sigmoid_colon_Peak_25701	230806812
sigmoid_colon_Peak_63805	230825085
sigmoid_colon_Peak_44985	230878578
sigmoid_colon_Peak_131828	232142361
sigmoid_colon_Peak_16625	232142361
sigmoid_colon_Peak_20581	232142361
sigmoid_colon_Peak_35189	232287731
sigmoid_colon_Peak_70573	232287731
sigmoid_colon_Peak_70699	232287731
sigmoid_colon_Peak_151904	232306261
sigmoid_colon_Peak_46760	232306261
sigmoid_colon_Peak_46543	232620304
sigmoid_colon_Peak_54934	232620304
sigmoid_colon_Peak_43758	232675371
sigmoid_colon_Peak_72415	232683685
sigmoid_colon_Peak_49693	232693122
sigmoid_colon_Peak_21425	232704460
sigmoid_colon_Peak_233867	232704460
sigmoid_colon_Peak_16240	232767303
sigmoid_colon_Peak_33875	232767303
sigmoid_colon_Peak_58713	234486713
sigmoid_colon_Peak_13496	234498895
sigmoid_colon_Peak_86619	234498895
sigmoid_colon_Peak_43072	234499771
sigmoid_colon_Peak_15211	234523533
sigmoid_colon_Peak_35714	234531696
sigmoid_colon_Peak_30405	234533086
sigmoid_colon_Peak_37488	234533086
sigmoid_colon_Peak_31169	234533956
sigmoid_colon_Peak_17345	234535784
sigmoid_colon_Peak_20820	234543417
sigmoid_colon_Peak_104113	234543982
sigmoid_colon_Peak_131427	234543982
sigmoid_colon_Peak_28482	234543982
sigmoid_colon_Peak_6945	234543982
sigmoid_colon_Peak_19205	234554818
sigmoid_colon_Peak_19317	234585660
sigmoid_colon_Peak_4650	234599523
sigmoid_colon_Peak_64888	234599523
sigmoid_colon_Peak_19107	234610645
sigmoid_colon_Peak_3142	234610645
sigmoid_colon_Peak_33563	234610645
sigmoid_colon_Peak_39768	234612670
sigmoid_colon_Peak_22908	234676085
sigmoid_colon_Peak_81566	234676085
sigmoid_colon_Peak_22838	234684226
sigmoid_colon_Peak_55630	234700217
sigmoid_colon_Peak_28761	234716321
sigmoid_colon_Peak_33319	234716817
sigmoid_colon_Peak_45173	234723347
sigmoid_colon_Peak_25620	234723673
sigmoid_colon_Peak_19664	234724011
sigmoid_colon_Peak_3862	234724011
sigmoid_colon_Peak_116947	234743847
sigmoid_colon_Peak_39431	234772466
sigmoid_colon_Peak_143391	234809381
sigmoid_colon_Peak_150848	234809381
sigmoid_colon_Peak_53460	234809381
sigmoid_colon_Peak_18426	234816912
sigmoid_colon_Peak_113027	234856763
sigmoid_colon_Peak_79591	234856763
sigmoid_colon_Peak_24463	234862928
sigmoid_colon_Peak_35540	234862928
sigmoid_colon_Peak_81417	234867518
sigmoid_colon_Peak_25670	234886387
sigmoid_colon_Peak_37073	234886387
sigmoid_colon_Peak_31600	234887052
sigmoid_colon_Peak_21946	234915949
sigmoid_colon_Peak_32686	234919207
sigmoid_colon_Peak_40657	234919207
sigmoid_colon_Peak_39829	234925824
sigmoid_colon_Peak_86533	234961850
sigmoid_colon_Peak_66524	234962589
sigmoid_colon_Peak_32362	234969859
sigmoid_colon_Peak_20101	234970403
sigmoid_colon_Peak_31524	234970403
sigmoid_colon_Peak_103114	234973948
sigmoid_colon_Peak_51188	234978985
sigmoid_colon_Peak_23144	234980581
sigmoid_colon_Peak_32829	234980581
sigmoid_colon_Peak_22362	234987372
sigmoid_colon_Peak_48323	234987372
sigmoid_colon_Peak_49351	234987372
sigmoid_colon_Peak_76369	234987372
sigmoid_colon_Peak_4860	234997188
sigmoid_colon_Peak_52105	234998202
sigmoid_colon_Peak_10913	235047704
sigmoid_colon_Peak_29874	235067474
sigmoid_colon_Peak_115632	235069654
sigmoid_colon_Peak_148650	235069654
sigmoid_colon_Peak_100435	235074518
sigmoid_colon_Peak_227236	235074518
sigmoid_colon_Peak_54577	235074518
sigmoid_colon_Peak_70144	235074518
sigmoid_colon_Peak_11662	235083060
sigmoid_colon_Peak_40322	235083060
sigmoid_colon_Peak_15656	235104054
sigmoid_colon_Peak_68783	235910719
sigmoid_colon_Peak_41340	235917442
sigmoid_colon_Peak_46314	235917442
sigmoid_colon_Peak_11439	235971528
sigmoid_colon_Peak_85121	235971528
sigmoid_colon_Peak_47527	235972394
sigmoid_colon_Peak_14329	236066891
sigmoid_colon_Peak_10982	236067889
sigmoid_colon_Peak_81570	236952387
sigmoid_colon_Peak_39334	236997901
sigmoid_colon_Peak_33350	237012684
sigmoid_colon_Peak_66845	237012684
sigmoid_colon_Peak_173517	240691684
sigmoid_colon_Peak_35108	240691684
sigmoid_colon_Peak_75398	240691684
sigmoid_colon_Peak_51118	243917297
sigmoid_colon_Peak_94744	243917297
sigmoid_colon_Peak_26779	244214147
sigmoid_colon_Peak_35890	244273083
sigmoid_colon_Peak_130958	244273867
sigmoid_colon_Peak_176235	244273867
sigmoid_colon_Peak_20297	244273867
sigmoid_colon_Peak_207297	244730483
sigmoid_colon_Peak_34334	244730483
sigmoid_colon_Peak_72102	244730483
sigmoid_colon_Peak_153214	244964251
sigmoid_colon_Peak_50444	244964251
sigmoid_colon_Peak_25557	246769286
sigmoid_colon_Peak_14816	247111248
sigmoid_colon_Peak_37216	247111248
sigmoid_colon_Peak_50412	247111248
sigmoid_colon_Peak_48945	247361094
sigmoid_colon_Peak_116986	247371110
sigmoid_colon_Peak_83474	247371110
sigmoid_colon_Peak_12777	248863218
stomach_Peak_25860	1067682
stomach_Peak_68978	1067682
stomach_Peak_19319	1068516
stomach_Peak_24518	1068516
stomach_Peak_24039	1079493
stomach_Peak_25265	1079493
stomach_Peak_38063	1079493
stomach_Peak_32494	1124797
stomach_Peak_106662	1125097
stomach_Peak_127062	1125097
stomach_Peak_13453	1136406
stomach_Peak_18461	1144096
stomach_Peak_239339	1144096
stomach_Peak_41520	1144096
stomach_Peak_73391	1144096
stomach_Peak_78446	1144096
stomach_Peak_22657	1149943
stomach_Peak_294460	1149943
stomach_Peak_13897	1157884
stomach_Peak_45609	1157884
stomach_Peak_143416	1433207
stomach_Peak_20312	1433207
stomach_Peak_241915	1540886
stomach_Peak_17262	1782511
stomach_Peak_18368	1783003
stomach_Peak_56936	1908330
stomach_Peak_7031	1908330
stomach_Peak_87870	2311403
stomach_Peak_10350	2545952
stomach_Peak_15640	2546625
stomach_Peak_299841	2546625
stomach_Peak_55715	2548130
stomach_Peak_29004	2548715
stomach_Peak_11644	2575686
stomach_Peak_18559	2576733
stomach_Peak_19533	2578220
stomach_Peak_148245	3482322
stomach_Peak_24338	3482322
stomach_Peak_16182	3746819
stomach_Peak_62963	3746819
stomach_Peak_84832	3746819
stomach_Peak_274207	6743243
stomach_Peak_35692	6743243
stomach_Peak_89180	6743243
stomach_Peak_17068	8061261
stomach_Peak_13439	8077077
stomach_Peak_72259	8078293
stomach_Peak_37657	8083735
stomach_Peak_60194	8083735
stomach_Peak_29728	8097522
stomach_Peak_16667	8121007
stomach_Peak_38624	8121007
stomach_Peak_48303	8167262
stomach_Peak_15104	8202130
stomach_Peak_53554	8202612
stomach_Peak_142520	8217179
stomach_Peak_72909	8217179
stomach_Peak_22855	8258968
stomach_Peak_33108	8258968
stomach_Peak_47507	8258968
stomach_Peak_5762	8848806
stomach_Peak_20720	9162857
stomach_Peak_25030	9163683
stomach_Peak_32614	9163683
stomach_Peak_106534	9181367
stomach_Peak_94802	9181367
stomach_Peak_33238	9233268
stomach_Peak_108011	9290102
stomach_Peak_234043	9290102
stomach_Peak_47556	9371491
stomach_Peak_36304	9376814
stomach_Peak_66862	9401858
stomach_Peak_14615	9413014
stomach_Peak_39742	9413014
stomach_Peak_143575	9825439
stomach_Peak_30798	9825439
stomach_Peak_67830	9843519
stomach_Peak_66746	10387645
stomach_Peak_18721	10635992
stomach_Peak_22117	10815054
stomach_Peak_27572	10815054
stomach_Peak_43861	10815054
stomach_Peak_47851	12148405
stomach_Peak_74553	12161708
stomach_Peak_8880	12161708
stomach_Peak_144629	12527540
stomach_Peak_23894	12527540
stomach_Peak_28980	12528337
stomach_Peak_207234	12539957
stomach_Peak_53259	12539957
stomach_Peak_66219	12539957
stomach_Peak_107784	12549648
stomach_Peak_89207	12549648
stomach_Peak_42519	12618970
stomach_Peak_28718	12619891
stomach_Peak_23069	13619885
stomach_Peak_18390	15139750
stomach_Peak_63736	15141863
stomach_Peak_13776	15603120
stomach_Peak_28500	15603120
stomach_Peak_7833	15735789
stomach_Peak_30029	15799059
stomach_Peak_49180	15799475
stomach_Peak_18524	15799908
stomach_Peak_15907	16012718
stomach_Peak_23962	16012718
stomach_Peak_16132	16173180
stomach_Peak_59711	16173180
stomach_Peak_25983	16175953
stomach_Peak_195482	16181615
stomach_Peak_9244	16181615
stomach_Peak_18942	16216234
stomach_Peak_1039	16216922
stomach_Peak_36650	16216922
stomach_Peak_10991	16644304
stomach_Peak_144890	16644304
stomach_Peak_73696	16644304
stomach_Peak_27424	17516920
stomach_Peak_92783	17531765
stomach_Peak_118039	19010393
stomach_Peak_236805	19010393
stomach_Peak_23557	19010924
stomach_Peak_25231	19010924
stomach_Peak_243326	19066961
stomach_Peak_62478	19066961
stomach_Peak_120209	19073355
stomach_Peak_72252	19073872
stomach_Peak_139618	19260136
stomach_Peak_49539	19260136
stomach_Peak_21465	19273259
stomach_Peak_25293	19273259
stomach_Peak_72212	19273259
stomach_Peak_37137	19504896
stomach_Peak_56652	20486505
stomach_Peak_38163	20733137
stomach_Peak_63421	21673454
stomach_Peak_47854	21943050
stomach_Peak_6789	21956689
stomach_Peak_9640	21956689
stomach_Peak_20477	22039666
stomach_Peak_141602	22163176
stomach_Peak_65083	22163176
stomach_Peak_67266	22163176
stomach_Peak_41010	22257332
stomach_Peak_45322	22257976
stomach_Peak_19818	22414223
stomach_Peak_10606	23554384
stomach_Peak_47281	23554384
stomach_Peak_140560	23562139
stomach_Peak_6827	23562139
stomach_Peak_81067	23577368
stomach_Peak_29262	23704905
stomach_Peak_99070	23704905
stomach_Peak_10987	23727220
stomach_Peak_17266	23727220
stomach_Peak_76865	23790190
stomach_Peak_32361	23919932
stomach_Peak_11199	24018579
stomach_Peak_96198	24018579
stomach_Peak_67190	24021566
stomach_Peak_8375	24705256
stomach_Peak_25250	24724531
stomach_Peak_27637	24724531
stomach_Peak_19349	24847952
stomach_Peak_62772	24847952
stomach_Peak_26461	25233141
stomach_Peak_12197	25239628
stomach_Peak_14027	25239628
stomach_Peak_42341	25573599
stomach_Peak_28032	25616032
stomach_Peak_3193	25616032
stomach_Peak_18658	25875150
stomach_Peak_63852	25875150
stomach_Peak_96567	25875150
stomach_Peak_108108	25922630
stomach_Peak_173076	25922630
stomach_Peak_72043	25922630
stomach_Peak_12290	26500050
stomach_Peak_17146	26500050
stomach_Peak_194557	26500050
stomach_Peak_34350	26500050
stomach_Peak_9150	26500050
stomach_Peak_12778	26677485
stomach_Peak_14366	26692884
stomach_Peak_28130	26784008
stomach_Peak_44720	26799493
stomach_Peak_48704	26799493
stomach_Peak_2419	26864750
stomach_Peak_68844	26864750
stomach_Peak_31808	27027099
stomach_Peak_19681	27031269
stomach_Peak_48262	27031269
stomach_Peak_37623	27402412
stomach_Peak_37107	27504506
stomach_Peak_59965	27504506
stomach_Peak_103285	27519550
stomach_Peak_119686	27522348
stomach_Peak_170374	27528042
stomach_Peak_31022	27528042
stomach_Peak_85827	27528042
stomach_Peak_92357	27528042
stomach_Peak_12504	27659529
stomach_Peak_203374	27659529
stomach_Peak_30588	27659529
stomach_Peak_140345	27662919
stomach_Peak_30611	27662919
stomach_Peak_11816	28647978
stomach_Peak_33350	28647978
stomach_Peak_8094	28647978
stomach_Peak_27446	28775148
stomach_Peak_39346	28775148
stomach_Peak_111025	29124266
stomach_Peak_64266	29124266
stomach_Peak_68360	29124266
stomach_Peak_125448	30798606
stomach_Peak_68609	30798606
stomach_Peak_43358	30816635
stomach_Peak_171434	30823767
stomach_Peak_4847	30823767
stomach_Peak_7301	30823767
stomach_Peak_24227	30847467
stomach_Peak_12435	31154622
stomach_Peak_22236	31154622
stomach_Peak_35936	31154622
stomach_Peak_39320	31154622
stomach_Peak_23999	31573903
stomach_Peak_32651	31575580
stomach_Peak_73885	31587829
stomach_Peak_78833	31587829
stomach_Peak_33897	31588573
stomach_Peak_87270	31588573
stomach_Peak_14721	31714315
stomach_Peak_202690	31714315
stomach_Peak_34822	31714315
stomach_Peak_6759	31714315
stomach_Peak_13886	31788150
stomach_Peak_15432	31788150
stomach_Peak_204926	31788150
stomach_Peak_76711	31788150
stomach_Peak_59916	31880284
stomach_Peak_50736	31880944
stomach_Peak_60252	31880944
stomach_Peak_95667	31880944
stomach_Peak_36682	31954717
stomach_Peak_45781	31954717
stomach_Peak_9458	31955966
stomach_Peak_20759	32240076
stomach_Peak_53229	32240076
stomach_Peak_34038	32241145
stomach_Peak_16964	32400858
stomach_Peak_164273	32716450
stomach_Peak_3040	32716450
stomach_Peak_76738	32933528
stomach_Peak_49261	32934071
stomach_Peak_46335	32972840
stomach_Peak_99107	32972840
stomach_Peak_15753	32981128
stomach_Peak_275255	32989186
stomach_Peak_50181	32989186
stomach_Peak_13224	32992413
stomach_Peak_235570	32992413
stomach_Peak_106948	32998017
stomach_Peak_52868	33007221
stomach_Peak_46707	33255493
stomach_Peak_65260	33455816
stomach_Peak_64615	34406449
stomach_Peak_12396	36187815
stomach_Peak_34282	36187815
stomach_Peak_146507	36200099
stomach_Peak_71256	36200099
stomach_Peak_42673	36203395
stomach_Peak_74448	36203395
stomach_Peak_32028	36207383
stomach_Peak_9081	36386471
stomach_Peak_14689	36486614
stomach_Peak_30712	36486614
stomach_Peak_56951	37465632
stomach_Peak_30663	37471770
stomach_Peak_32158	37487174
stomach_Peak_98234	37487174
stomach_Peak_103416	37995764
stomach_Peak_37946	37995764
stomach_Peak_42892	38728298
stomach_Peak_23610	39818523
stomach_Peak_58509	39980538
stomach_Peak_75178	39987931
stomach_Peak_75179	40338817
stomach_Peak_9551	40868263
stomach_Peak_139976	40899162
stomach_Peak_20302	40899162
stomach_Peak_12717	40919391
stomach_Peak_195383	40919391
stomach_Peak_64825	40939794
stomach_Peak_64316	40944400
stomach_Peak_45129	40944913
stomach_Peak_74308	40944913
stomach_Peak_1868	41360911
stomach_Peak_93005	41360911
stomach_Peak_22582	41418922
stomach_Peak_16818	41432441
stomach_Peak_18948	41432441
stomach_Peak_25199	41432441
stomach_Peak_9670	41496210
stomach_Peak_9208	41500453
stomach_Peak_21586	41501660
stomach_Peak_48213	42924066
stomach_Peak_6858	42924066
stomach_Peak_78049	42924066
stomach_Peak_104909	44035950
stomach_Peak_103691	44730528
stomach_Peak_17981	44730528
stomach_Peak_26858	44730528
stomach_Peak_1525	44807015
stomach_Peak_207022	44807015
stomach_Peak_9209	44807015
stomach_Peak_30276	46187517
stomach_Peak_23706	46719753
stomach_Peak_43082	47179142
stomach_Peak_77078	47181991
stomach_Peak_12495	47477558
stomach_Peak_25619	47477558
stomach_Peak_30954	47508005
stomach_Peak_93188	47508005
stomach_Peak_41343	47558911
stomach_Peak_140307	47752015
stomach_Peak_20164	51569772
stomach_Peak_15803	52702934
stomach_Peak_6378	52702934
stomach_Peak_10002	53145765
stomach_Peak_31994	53145765
stomach_Peak_42955	53176367
stomach_Peak_98667	53176367
stomach_Peak_68207	53183361
stomach_Peak_141132	53739046
stomach_Peak_20580	53739046
stomach_Peak_7109	54488171
stomach_Peak_30124	54489291
stomach_Peak_25182	54801529
stomach_Peak_5555	55428856
stomach_Peak_171555	58584170
stomach_Peak_83891	58584170
stomach_Peak_89000	58584170
stomach_Peak_14454	58618273
stomach_Peak_194643	58619335
stomach_Peak_73067	58619335
stomach_Peak_31893	58620275
stomach_Peak_21972	58773066
stomach_Peak_267218	58773066
stomach_Peak_24674	58814274
stomach_Peak_67415	58814274
stomach_Peak_8391	58814274
stomach_Peak_46876	58824744
stomach_Peak_19931	58825097
stomach_Peak_26929	58848838
stomach_Peak_72162	58848838
stomach_Peak_32118	58858280
stomach_Peak_97284	58858280
stomach_Peak_203560	58874861
stomach_Peak_30067	58874861
stomach_Peak_67157	58874861
stomach_Peak_88334	58874861
stomach_Peak_40983	58881504
stomach_Peak_37767	58883364
stomach_Peak_14967	58885058
stomach_Peak_50445	58885058
stomach_Peak_40877	58893518
stomach_Peak_51057	58893518
stomach_Peak_9834	58896653
stomach_Peak_2171	58903401
stomach_Peak_23168	58922271
stomach_Peak_8463	58932866
stomach_Peak_64415	58942741
stomach_Peak_69605	58942741
stomach_Peak_235218	58964429
stomach_Peak_56691	58964429
stomach_Peak_7537	58964429
stomach_Peak_53874	58976398
stomach_Peak_29609	58982532
stomach_Peak_21776	59013233
stomach_Peak_28376	59020229
stomach_Peak_85638	59043719
stomach_Peak_98191	59043719
stomach_Peak_72074	59061965
stomach_Peak_57375	59062826
stomach_Peak_25973	59150816
stomach_Peak_292260	59150816
stomach_Peak_65267	59203894
stomach_Peak_26889	60573123
stomach_Peak_169872	61638369
stomach_Peak_74062	61638369
stomach_Peak_48506	61641799
stomach_Peak_78545	62384724
stomach_Peak_86132	62385973
stomach_Peak_58916	62690486
stomach_Peak_18530	62707076
stomach_Peak_22481	62707076
stomach_Peak_48391	62707076
stomach_Peak_137939	63698275
stomach_Peak_42428	63698275
stomach_Peak_66405	63704545
stomach_Peak_8254	67572626
stomach_Peak_29005	67838667
stomach_Peak_33591	67840473
stomach_Peak_53162	67840473
stomach_Peak_137467	84271466
stomach_Peak_207863	84271466
stomach_Peak_25466	84272489
stomach_Peak_109487	85224865
stomach_Peak_22023	85224865
stomach_Peak_10434	85297699
stomach_Peak_52559	85297699
stomach_Peak_38912	85611951
stomach_Peak_20728	85628774
stomach_Peak_20823	85628774
stomach_Peak_47636	85628774
stomach_Peak_200486	86774307
stomach_Peak_87062	86774307
stomach_Peak_27185	86792767
stomach_Peak_27961	86792767
stomach_Peak_22817	87449276
stomach_Peak_21305	87806008
stomach_Peak_119095	89311291
stomach_Peak_137286	89311291
stomach_Peak_38722	89311291
stomach_Peak_169103	91569584
stomach_Peak_33014	91569584
stomach_Peak_7565	92804701
stomach_Peak_40738	94325595
stomach_Peak_59502	94325595
stomach_Peak_27870	94384781
stomach_Peak_58910	94550870
stomach_Peak_94180	94552367
stomach_Peak_28275	94562964
stomach_Peak_106038	94602937
stomach_Peak_50872	94608262
stomach_Peak_39743	94612094
stomach_Peak_33226	94621322
stomach_Peak_121294	94648260
stomach_Peak_21361	94648260
stomach_Peak_267933	94676435
stomach_Peak_51239	94676435
stomach_Peak_109068	94701943
stomach_Peak_88818	94701943
stomach_Peak_49425	94753767
stomach_Peak_16360	94783340
stomach_Peak_268554	94801889
stomach_Peak_292363	94801889
stomach_Peak_41907	94801889
stomach_Peak_23539	94950041
stomach_Peak_99215	94972341
stomach_Peak_40863	97921377
stomach_Peak_64616	99808746
stomach_Peak_175431	109239921
stomach_Peak_84108	109239921
stomach_Peak_84468	109239921
stomach_Peak_97456	109239921
stomach_Peak_35231	109776912
stomach_Peak_22132	109783295
stomach_Peak_117942	109792238
stomach_Peak_55713	109793856
stomach_Peak_241640	109796913
stomach_Peak_53083	109796913
stomach_Peak_21150	109823849
stomach_Peak_38930	109877222
stomach_Peak_45586	109895846
stomach_Peak_22362	109931171
stomach_Peak_53123	109934389
stomach_Peak_46314	109959914
stomach_Peak_27423	110084338
stomach_Peak_74077	110084338
stomach_Peak_38740	110209882
stomach_Peak_6600	110209882
stomach_Peak_52866	110464371
stomach_Peak_110996	110477002
stomach_Peak_13124	110477002
stomach_Peak_29574	110478308
stomach_Peak_18431	110507777
stomach_Peak_198636	110507777
stomach_Peak_75075	110507777
stomach_Peak_16792	111110257
stomach_Peak_208194	111990883
stomach_Peak_23900	111990883
stomach_Peak_50078	111990883
stomach_Peak_29242	112394180
stomach_Peak_147597	112998809
stomach_Peak_25823	112998809
stomach_Peak_39695	113216739
stomach_Peak_77259	114346150
stomach_Peak_243591	116242661
stomach_Peak_55633	116242661
stomach_Peak_105145	116243643
stomach_Peak_118944	116243643
stomach_Peak_38191	116311986
stomach_Peak_205443	116418252
stomach_Peak_22115	116418252
stomach_Peak_27725	116853702
stomach_Peak_84469	116879421
stomach_Peak_42697	117231845
stomach_Peak_29643	117562627
stomach_Peak_31430	117562627
stomach_Peak_18625	117570872
stomach_Peak_20239	117570872
stomach_Peak_79629	117590339
stomach_Peak_13618	117591272
stomach_Peak_19422	117632297
stomach_Peak_22508	117632297
stomach_Peak_107791	117674518
stomach_Peak_36462	117675033
stomach_Peak_144149	120180016
stomach_Peak_207492	120180016
stomach_Peak_4315	145979304
stomach_Peak_104011	145985924
stomach_Peak_71435	145997166
stomach_Peak_24578	146035492
stomach_Peak_43324	147084675
stomach_Peak_54878	147084675
stomach_Peak_45833	147539117
stomach_Peak_111296	148263191
stomach_Peak_148758	148263191
stomach_Peak_175817	148263191
stomach_Peak_49800	150255427
stomach_Peak_5404	150515169
stomach_Peak_60251	150529042
stomach_Peak_45785	150532243
stomach_Peak_51045	150532243
stomach_Peak_12184	150560985
stomach_Peak_2140	150560985
stomach_Peak_7633	150561967
stomach_Peak_10454	150568163
stomach_Peak_21171	150977348
stomach_Peak_59857	150981229
stomach_Peak_14825	151131281
stomach_Peak_16301	151832600
stomach_Peak_22514	151836514
stomach_Peak_14504	151836880
stomach_Peak_46232	151944404
stomach_Peak_41859	151945792
stomach_Peak_16513	151972999
stomach_Peak_203559	153506673
stomach_Peak_43374	153506673
stomach_Peak_19049	153515582
stomach_Peak_269988	153515582
stomach_Peak_20969	153533192
stomach_Peak_51299	153568489
stomach_Peak_31044	153617627
stomach_Peak_53058	153633413
stomach_Peak_51223	153649187
stomach_Peak_60824	153677757
stomach_Peak_57145	153697260
stomach_Peak_54829	153697945
stomach_Peak_76849	153697945
stomach_Peak_78018	153697945
stomach_Peak_27172	153783338
stomach_Peak_9332	153783338
stomach_Peak_19059	154352332
stomach_Peak_198278	154352332
stomach_Peak_24999	154352332
stomach_Peak_30992	154352332
stomach_Peak_69681	154352332
stomach_Peak_18382	155125877
stomach_Peak_108956	155166539
stomach_Peak_60703	155166539
stomach_Peak_36096	155167871
stomach_Peak_14977	155194416
stomach_Peak_88295	155194416
stomach_Peak_56395	155226963
stomach_Peak_1599	155227367
stomach_Peak_175455	155940530
stomach_Peak_30831	155940530
stomach_Peak_16826	156456471
stomach_Peak_2156	156456471
stomach_Peak_76873	156456471
stomach_Peak_8369	156456471
stomach_Peak_29703	156503392
stomach_Peak_33670	156504950
stomach_Peak_148783	156616473
stomach_Peak_13435	156659991
stomach_Peak_26342	156661343
stomach_Peak_64939	156706035
stomach_Peak_79458	156706035
stomach_Peak_19623	156892347
stomach_Peak_13029	157154898
stomach_Peak_49554	157154898
stomach_Peak_19478	157240452
stomach_Peak_9950	157240452
stomach_Peak_146929	157992062
stomach_Peak_69212	157992062
stomach_Peak_17254	158149653
stomach_Peak_3448	159910389
stomach_Peak_30505	159916239
stomach_Peak_32017	160101098
stomach_Peak_28208	160538887
stomach_Peak_30937	160538887
stomach_Peak_19087	160540224
stomach_Peak_89302	161382562
stomach_Peak_93477	161382562
stomach_Peak_45705	162613760
stomach_Peak_11215	162874017
stomach_Peak_29608	165376035
stomach_Peak_48170	165376035
stomach_Peak_56975	165376035
stomach_Peak_206914	165597958
stomach_Peak_3158	165597958
stomach_Peak_39836	167627602
stomach_Peak_54799	167627602
stomach_Peak_71680	167627602
stomach_Peak_24816	167915609
stomach_Peak_20243	168631686
stomach_Peak_48674	168689792
stomach_Peak_71813	168689792
stomach_Peak_31272	168693178
stomach_Peak_34882	168693178
stomach_Peak_44044	168834339
stomach_Peak_43631	168907089
stomach_Peak_18618	168920429
stomach_Peak_45437	168972821
stomach_Peak_24229	169103447
stomach_Peak_45450	171141467
stomach_Peak_84235	171141467
stomach_Peak_109151	171142149
stomach_Peak_66229	171142149
stomach_Peak_13318	172746165
stomach_Peak_240773	172746165
stomach_Peak_55237	172826101
stomach_Peak_57179	172826101
stomach_Peak_22660	172933881
stomach_Peak_47481	172933881
stomach_Peak_23533	173429517
stomach_Peak_14880	173429944
stomach_Peak_12788	173451998
stomach_Peak_67960	173925680
stomach_Peak_73935	175200947
stomach_Peak_203039	177818066
stomach_Peak_60047	177818066
stomach_Peak_106486	177872072
stomach_Peak_42994	177872072
stomach_Peak_63008	177872072
stomach_Peak_36156	178037520
stomach_Peak_6722	178037520
stomach_Peak_14224	179016987
stomach_Peak_15390	179586192
stomach_Peak_58119	179586192
stomach_Peak_16661	181112432
stomach_Peak_146068	181136461
stomach_Peak_85430	181136461
stomach_Peak_14640	181142511
stomach_Peak_74709	181151918
stomach_Peak_14334	181152903
stomach_Peak_1581	182029197
stomach_Peak_3270	182029197
stomach_Peak_65156	182113818
stomach_Peak_18091	182120601
stomach_Peak_43073	182121757
stomach_Peak_36832	182143279
stomach_Peak_13356	182144015
stomach_Peak_23117	182144015
stomach_Peak_26772	182144015
stomach_Peak_27467	182146389
stomach_Peak_58164	182197633
stomach_Peak_74248	182206969
stomach_Peak_52363	182259230
stomach_Peak_55436	182259230
stomach_Peak_108606	182289970
stomach_Peak_40629	182289970
stomach_Peak_59891	182315272
stomach_Peak_108845	182348896
stomach_Peak_29452	182614778
stomach_Peak_31511	182614778
stomach_Peak_84431	182616152
stomach_Peak_176034	183180629
stomach_Peak_44417	183180629
stomach_Peak_9888	184632787
stomach_Peak_24124	185534806
stomach_Peak_11176	185594171
stomach_Peak_241879	185594171
stomach_Peak_24967	185594171
stomach_Peak_19961	192531102
stomach_Peak_35356	192539797
stomach_Peak_67630	193259685
stomach_Peak_13624	193355139
stomach_Peak_62654	193418507
stomach_Peak_236318	201028330
stomach_Peak_236683	201028330
stomach_Peak_88300	201028330
stomach_Peak_58555	201450679
stomach_Peak_83884	201450679
stomach_Peak_17369	201460992
stomach_Peak_30587	201461740
stomach_Peak_19991	201480415
stomach_Peak_25342	201480415
stomach_Peak_110163	201481737
stomach_Peak_122433	201481737
stomach_Peak_16114	201481737
stomach_Peak_59048	201511944
stomach_Peak_59532	201511944
stomach_Peak_31778	201512962
stomach_Peak_30541	201538613
stomach_Peak_79260	201540096
stomach_Peak_4067	201597607
stomach_Peak_25540	202023044
stomach_Peak_8754	202034500
stomach_Peak_9488	202046186
stomach_Peak_140641	202046799
stomach_Peak_92866	202047164
stomach_Peak_32508	202076029
stomach_Peak_15545	202085182
stomach_Peak_84831	202085899
stomach_Peak_7295	202106292
stomach_Peak_58426	202106984
stomach_Peak_9981	202106984
stomach_Peak_35098	202112888
stomach_Peak_73238	202112888
stomach_Peak_29665	203278413
stomach_Peak_54158	203278413
stomach_Peak_42301	203287157
stomach_Peak_88775	203287157
stomach_Peak_8662	203290298
stomach_Peak_124359	203291232
stomach_Peak_163011	203291232
stomach_Peak_4641	203316519
stomach_Peak_23958	203321015
stomach_Peak_63317	203322806
stomach_Peak_10522	203327052
stomach_Peak_25836	203327052
stomach_Peak_33529	203327052
stomach_Peak_276978	203408520
stomach_Peak_51316	203408520
stomach_Peak_202716	203536729
stomach_Peak_49946	203536729
stomach_Peak_15722	203537938
stomach_Peak_32254	203558336
stomach_Peak_37386	203860388
stomach_Peak_57359	204129133
stomach_Peak_66347	204383217
stomach_Peak_15111	204417139
stomach_Peak_50654	204417139
stomach_Peak_68166	204417139
stomach_Peak_25617	205284664
stomach_Peak_164974	205294042
stomach_Peak_78149	205294042
stomach_Peak_46147	205301193
stomach_Peak_34999	205365977
stomach_Peak_24331	205477469
stomach_Peak_81211	205477469
stomach_Peak_42303	205493244
stomach_Peak_16185	205543246
stomach_Peak_64606	205543246
stomach_Peak_72983	205543246
stomach_Peak_97983	205543246
stomach_Peak_28264	206005332
stomach_Peak_137610	206501144
stomach_Peak_27284	206501144
stomach_Peak_105127	206952239
stomach_Peak_245337	206953122
stomach_Peak_63855	206953733
stomach_Peak_38850	207005088
stomach_Peak_124659	207309719
stomach_Peak_75134	207309719
stomach_Peak_35182	207316657
stomach_Peak_41157	207805855
stomach_Peak_105771	207807373
stomach_Peak_68095	207807373
stomach_Peak_68752	207807373
stomach_Peak_202383	207811973
stomach_Peak_29097	207811973
stomach_Peak_92750	207816764
stomach_Peak_11219	207823821
stomach_Peak_196171	207825718
stomach_Peak_32381	207825718
stomach_Peak_28819	207826561
stomach_Peak_32851	207828625
stomach_Peak_58685	207830857
stomach_Peak_9505	207838316
stomach_Peak_15385	207848215
stomach_Peak_78040	207866887
stomach_Peak_35704	207868231
stomach_Peak_16145	207868728
stomach_Peak_68733	207868728
stomach_Peak_84602	207922595
stomach_Peak_105778	207963501
stomach_Peak_1946	207963501
stomach_Peak_31314	208245273
stomach_Peak_6051	209653000
stomach_Peak_71118	209653979
stomach_Peak_32599	210251271
stomach_Peak_41116	210251271
stomach_Peak_13987	210252592
stomach_Peak_17675	210292348
stomach_Peak_94116	210292348
stomach_Peak_26241	210311146
stomach_Peak_16701	211514047
stomach_Peak_9143	211515204
stomach_Peak_25064	211643540
stomach_Peak_72991	211929050
stomach_Peak_32220	212238648
stomach_Peak_52920	212238648
stomach_Peak_69567	212242596
stomach_Peak_30339	212261480
stomach_Peak_171734	212485819
stomach_Peak_207598	212485819
stomach_Peak_27481	212485819
stomach_Peak_34851	212558296
stomach_Peak_6590	212558296
stomach_Peak_95641	212700407
stomach_Peak_167317	218344906
stomach_Peak_51213	218344906
stomach_Peak_87780	218344906
stomach_Peak_55588	218460015
stomach_Peak_124855	220732420
stomach_Peak_199415	220732420
stomach_Peak_11490	222814540
stomach_Peak_35649	222814540
stomach_Peak_173692	223180896
stomach_Peak_121060	223700971
stomach_Peak_18773	223700971
stomach_Peak_26586	223776043
stomach_Peak_43612	224205459
stomach_Peak_6794	225444713
stomach_Peak_10187	225694160
stomach_Peak_23358	225735422
stomach_Peak_11558	225746674
stomach_Peak_31290	225754894
stomach_Peak_97906	225755274
stomach_Peak_7232	225772353
stomach_Peak_32710	226034559
stomach_Peak_11726	226082988
stomach_Peak_34281	226082988
stomach_Peak_38235	226082988
stomach_Peak_49717	226082988
stomach_Peak_105716	226109581
stomach_Peak_14896	226109581
stomach_Peak_29732	226109581
stomach_Peak_73909	226109581
stomach_Peak_7661	226109581
stomach_Peak_7492	226127705
stomach_Peak_38244	226133024
stomach_Peak_68853	226133024
stomach_Peak_22897	226134844
stomach_Peak_25175	226134844
stomach_Peak_171362	226350035
stomach_Peak_31139	226350035
stomach_Peak_165755	226827343
stomach_Peak_299149	226827343
stomach_Peak_96154	226827343
stomach_Peak_15424	227357247
stomach_Peak_173567	227357247
stomach_Peak_199861	227357247
stomach_Peak_238067	227357247
stomach_Peak_55468	227428930
stomach_Peak_30962	227431925
stomach_Peak_52709	227787538
stomach_Peak_3090	227787894
stomach_Peak_71546	227787894
stomach_Peak_9911	227787894
stomach_Peak_13180	228830134
stomach_Peak_60101	228831154
stomach_Peak_16912	228837840
stomach_Peak_18143	228837840
stomach_Peak_25202	228837840
stomach_Peak_20610	228860863
stomach_Peak_26303	228860863
stomach_Peak_106525	228902884
stomach_Peak_20541	228902884
stomach_Peak_107895	228964503
stomach_Peak_92656	228990588
stomach_Peak_105482	229058264
stomach_Peak_67819	229058264
stomach_Peak_25795	229070193
stomach_Peak_273614	229108478
stomach_Peak_44600	229164756
stomach_Peak_56855	229164756
stomach_Peak_15316	229208002
stomach_Peak_15801	229221251
stomach_Peak_23595	229221251
stomach_Peak_18418	229229212
stomach_Peak_237899	229229212
stomach_Peak_72344	229229212
stomach_Peak_57130	229410885
stomach_Peak_31468	229411155
stomach_Peak_16550	229582066
stomach_Peak_85575	229582066
stomach_Peak_36204	230572213
stomach_Peak_50450	230572828
stomach_Peak_13332	230825057
stomach_Peak_28788	230825057
stomach_Peak_164468	232629717
stomach_Peak_41407	232629717
stomach_Peak_52245	232629717
stomach_Peak_6142	232629717
stomach_Peak_108957	232678257
stomach_Peak_14804	232678257
stomach_Peak_43498	232704628
stomach_Peak_32880	232767263
stomach_Peak_89391	232767263
stomach_Peak_11178	233707170
stomach_Peak_269799	233707170
stomach_Peak_85567	233707170
stomach_Peak_23519	234499108
stomach_Peak_103433	234499701
stomach_Peak_16666	234523579
stomach_Peak_52303	234531035
stomach_Peak_80035	234531728
stomach_Peak_80323	234531728
stomach_Peak_36769	234535812
stomach_Peak_292868	234544174
stomach_Peak_72017	234544174
stomach_Peak_119068	234544653
stomach_Peak_243259	234544653
stomach_Peak_41342	234544653
stomach_Peak_12525	234599704
stomach_Peak_3863	234599704
stomach_Peak_38382	234600573
stomach_Peak_43680	234602815
stomach_Peak_21012	234610657
stomach_Peak_3470	234610657
stomach_Peak_9017	234610657
stomach_Peak_17215	234612608
stomach_Peak_145826	234623829
stomach_Peak_37968	234624268
stomach_Peak_73550	234657336
stomach_Peak_32990	234658196
stomach_Peak_95699	234700217
stomach_Peak_103417	234707678
stomach_Peak_16014	234723643
stomach_Peak_21532	234723643
stomach_Peak_25401	234723643
stomach_Peak_3887	234723643
stomach_Peak_14102	234751204
stomach_Peak_30628	234772466
stomach_Peak_56061	234863055
stomach_Peak_31681	234875653
stomach_Peak_18752	234876288
stomach_Peak_43375	234899116
stomach_Peak_45049	234918023
stomach_Peak_87590	234918023
stomach_Peak_87464	234919221
stomach_Peak_50164	234925746
stomach_Peak_45500	234955216
stomach_Peak_39206	234957419
stomach_Peak_19851	234960645
stomach_Peak_87726	234961875
stomach_Peak_60828	234963295
stomach_Peak_232150	234969728
stomach_Peak_72859	234969728
stomach_Peak_44350	234970365
stomach_Peak_53467	234970365
stomach_Peak_269818	234978531
stomach_Peak_78134	234978531
stomach_Peak_20356	234980607
stomach_Peak_29020	234980607
stomach_Peak_26257	234987325
stomach_Peak_13717	234997113
stomach_Peak_167221	235047726
stomach_Peak_39613	235047726
stomach_Peak_45079	235047726
stomach_Peak_25004	235062456
stomach_Peak_17484	235067527
stomach_Peak_42526	235068248
stomach_Peak_48473	235070083
stomach_Peak_16118	235073403
stomach_Peak_20126	235073403
stomach_Peak_48031	235073403
stomach_Peak_33745	235075239
stomach_Peak_8490	235079514
stomach_Peak_198042	235083153
stomach_Peak_11937	235083713
stomach_Peak_93167	235892751
stomach_Peak_108106	235902873
stomach_Peak_122471	235902873
stomach_Peak_147755	235919987
stomach_Peak_62110	235919987
stomach_Peak_62289	235932150
stomach_Peak_12923	237012764
stomach_Peak_14930	237012764
stomach_Peak_27532	241423737
stomach_Peak_36795	241423737
stomach_Peak_39979	241423737
stomach_Peak_80473	241423737
stomach_Peak_176495	243917256
stomach_Peak_65255	243917256
stomach_Peak_63586	244325099
stomach_Peak_55720	244964359
stomach_Peak_141131	247111628
stomach_Peak_17804	247111628
stomach_Peak_60462	247111628
stomach_Peak_13362	248862915
stomach_Peak_23629	248862915
